"","Group.1","Group.2","x","date","count1000"
"70","Jun-2007","A",7,2007-06-01,0.007
"206","Jun-2007","B",8,2007-06-01,0.008
"342","Jun-2007","C",6,2007-06-01,0.006
"478","Jun-2007","D",1,2007-06-01,0.001
"614","Jun-2007","E",2,2007-06-01,0.002
"58","Jul-2007","A",15,2007-07-01,0.015
"194","Jul-2007","B",9,2007-07-01,0.009
"330","Jul-2007","C",15,2007-07-01,0.015
"466","Jul-2007","D",9,2007-07-01,0.009
"602","Jul-2007","E",8,2007-07-01,0.008
"738","Jul-2007","F",5,2007-07-01,0.005
"873","Jul-2007","G",2,2007-07-01,0.002
"13","Aug-2007","A",18,2007-08-01,0.018
"149","Aug-2007","B",13,2007-08-01,0.013
"285","Aug-2007","C",8,2007-08-01,0.008
"421","Aug-2007","D",10,2007-08-01,0.01
"557","Aug-2007","E",10,2007-08-01,0.01
"693","Aug-2007","F",9,2007-08-01,0.009
"828","Aug-2007","G",6,2007-08-01,0.006
"126","Sep-2007","A",7,2007-09-01,0.007
"262","Sep-2007","B",6,2007-09-01,0.006
"398","Sep-2007","C",12,2007-09-01,0.012
"534","Sep-2007","D",6,2007-09-01,0.006
"670","Sep-2007","E",6,2007-09-01,0.006
"805","Sep-2007","F",10,2007-09-01,0.01
"939","Sep-2007","G",6,2007-09-01,0.006
"115","Oct-2007","A",8,2007-10-01,0.008
"251","Oct-2007","B",12,2007-10-01,0.012
"387","Oct-2007","C",27,2007-10-01,0.027
"523","Oct-2007","D",19,2007-10-01,0.019
"659","Oct-2007","E",20,2007-10-01,0.02
"794","Oct-2007","F",10,2007-10-01,0.01
"928","Oct-2007","G",9,2007-10-01,0.009
"104","Nov-2007","A",11,2007-11-01,0.011
"240","Nov-2007","B",18,2007-11-01,0.018
"376","Nov-2007","C",27,2007-11-01,0.027
"512","Nov-2007","D",18,2007-11-01,0.018
"648","Nov-2007","E",26,2007-11-01,0.026
"783","Nov-2007","F",8,2007-11-01,0.008
"917","Nov-2007","G",4,2007-11-01,0.004
"25","Dec-2007","A",12,2007-12-01,0.012
"161","Dec-2007","B",32,2007-12-01,0.032
"297","Dec-2007","C",46,2007-12-01,0.046
"433","Dec-2007","D",36,2007-12-01,0.036
"569","Dec-2007","E",28,2007-12-01,0.028
"705","Dec-2007","F",10,2007-12-01,0.01
"840","Dec-2007","G",8,2007-12-01,0.008
"47","Jan-2008","A",45,2008-01-01,0.045
"183","Jan-2008","B",64,2008-01-01,0.064
"319","Jan-2008","C",72,2008-01-01,0.072
"455","Jan-2008","D",50,2008-01-01,0.05
"591","Jan-2008","E",40,2008-01-01,0.04
"727","Jan-2008","F",24,2008-01-01,0.024
"862","Jan-2008","G",10,2008-01-01,0.01
"36","Feb-2008","A",30,2008-02-01,0.03
"172","Feb-2008","B",89,2008-02-01,0.089
"308","Feb-2008","C",55,2008-02-01,0.055
"444","Feb-2008","D",54,2008-02-01,0.054
"580","Feb-2008","E",42,2008-02-01,0.042
"716","Feb-2008","F",15,2008-02-01,0.015
"851","Feb-2008","G",21,2008-02-01,0.021
"82","Mar-2008","A",35,2008-03-01,0.035
"218","Mar-2008","B",93,2008-03-01,0.093
"354","Mar-2008","C",87,2008-03-01,0.087
"490","Mar-2008","D",82,2008-03-01,0.082
"626","Mar-2008","E",64,2008-03-01,0.064
"761","Mar-2008","F",23,2008-03-01,0.023
"896","Mar-2008","G",18,2008-03-01,0.018
"2","Apr-2008","A",24,2008-04-01,0.024
"138","Apr-2008","B",57,2008-04-01,0.057
"274","Apr-2008","C",64,2008-04-01,0.064
"410","Apr-2008","D",46,2008-04-01,0.046
"546","Apr-2008","E",35,2008-04-01,0.035
"682","Apr-2008","F",13,2008-04-01,0.013
"817","Apr-2008","G",20,2008-04-01,0.02
"93","May-2008","A",21,2008-05-01,0.021
"229","May-2008","B",24,2008-05-01,0.024
"365","May-2008","C",27,2008-05-01,0.027
"501","May-2008","D",25,2008-05-01,0.025
"637","May-2008","E",14,2008-05-01,0.014
"772","May-2008","F",2,2008-05-01,0.002
"907","May-2008","G",2,2008-05-01,0.002
"71","Jun-2008","A",20,2008-06-01,0.02
"207","Jun-2008","B",33,2008-06-01,0.033
"343","Jun-2008","C",34,2008-06-01,0.034
"479","Jun-2008","D",24,2008-06-01,0.024
"615","Jun-2008","E",8,2008-06-01,0.008
"750","Jun-2008","F",4,2008-06-01,0.004
"885","Jun-2008","G",1,2008-06-01,0.001
"59","Jul-2008","A",23,2008-07-01,0.023
"195","Jul-2008","B",27,2008-07-01,0.027
"331","Jul-2008","C",39,2008-07-01,0.039
"467","Jul-2008","D",25,2008-07-01,0.025
"603","Jul-2008","E",18,2008-07-01,0.018
"739","Jul-2008","F",7,2008-07-01,0.007
"874","Jul-2008","G",2,2008-07-01,0.002
"14","Aug-2008","A",10,2008-08-01,0.01
"150","Aug-2008","B",22,2008-08-01,0.022
"286","Aug-2008","C",24,2008-08-01,0.024
"422","Aug-2008","D",24,2008-08-01,0.024
"558","Aug-2008","E",10,2008-08-01,0.01
"694","Aug-2008","F",6,2008-08-01,0.006
"829","Aug-2008","G",4,2008-08-01,0.004
"127","Sep-2008","A",8,2008-09-01,0.008
"263","Sep-2008","B",6,2008-09-01,0.006
"399","Sep-2008","C",18,2008-09-01,0.018
"535","Sep-2008","D",6,2008-09-01,0.006
"671","Sep-2008","E",10,2008-09-01,0.01
"806","Sep-2008","F",7,2008-09-01,0.007
"940","Sep-2008","G",2,2008-09-01,0.002
"116","Oct-2008","A",21,2008-10-01,0.021
"252","Oct-2008","B",30,2008-10-01,0.03
"388","Oct-2008","C",39,2008-10-01,0.039
"524","Oct-2008","D",17,2008-10-01,0.017
"660","Oct-2008","E",9,2008-10-01,0.009
"795","Oct-2008","F",3,2008-10-01,0.003
"929","Oct-2008","G",3,2008-10-01,0.003
"105","Nov-2008","A",33,2008-11-01,0.033
"241","Nov-2008","B",72,2008-11-01,0.072
"377","Nov-2008","C",48,2008-11-01,0.048
"513","Nov-2008","D",31,2008-11-01,0.031
"649","Nov-2008","E",20,2008-11-01,0.02
"784","Nov-2008","F",3,2008-11-01,0.003
"918","Nov-2008","G",2,2008-11-01,0.002
"26","Dec-2008","A",48,2008-12-01,0.048
"162","Dec-2008","B",77,2008-12-01,0.077
"298","Dec-2008","C",73,2008-12-01,0.073
"434","Dec-2008","D",35,2008-12-01,0.035
"570","Dec-2008","E",15,2008-12-01,0.015
"706","Dec-2008","F",4,2008-12-01,0.004
"841","Dec-2008","G",1,2008-12-01,0.001
"48","Jan-2009","A",61,2009-01-01,0.061
"184","Jan-2009","B",69,2009-01-01,0.069
"320","Jan-2009","C",66,2009-01-01,0.066
"456","Jan-2009","D",52,2009-01-01,0.052
"592","Jan-2009","E",16,2009-01-01,0.016
"728","Jan-2009","F",4,2009-01-01,0.004
"863","Jan-2009","G",1,2009-01-01,0.001
"37","Feb-2009","A",65,2009-02-01,0.065
"173","Feb-2009","B",37,2009-02-01,0.037
"309","Feb-2009","C",90,2009-02-01,0.09
"445","Feb-2009","D",62,2009-02-01,0.062
"581","Feb-2009","E",35,2009-02-01,0.035
"717","Feb-2009","F",8,2009-02-01,0.008
"852","Feb-2009","G",5,2009-02-01,0.005
"83","Mar-2009","A",72,2009-03-01,0.072
"219","Mar-2009","B",31,2009-03-01,0.031
"355","Mar-2009","C",105,2009-03-01,0.105
"491","Mar-2009","D",68,2009-03-01,0.068
"627","Mar-2009","E",34,2009-03-01,0.034
"762","Mar-2009","F",10,2009-03-01,0.01
"897","Mar-2009","G",4,2009-03-01,0.004
"3","Apr-2009","A",93,2009-04-01,0.093
"139","Apr-2009","B",42,2009-04-01,0.042
"275","Apr-2009","C",78,2009-04-01,0.078
"411","Apr-2009","D",73,2009-04-01,0.073
"547","Apr-2009","E",36,2009-04-01,0.036
"683","Apr-2009","F",8,2009-04-01,0.008
"818","Apr-2009","G",3,2009-04-01,0.003
"94","May-2009","A",76,2009-05-01,0.076
"230","May-2009","B",114,2009-05-01,0.114
"366","May-2009","C",103,2009-05-01,0.103
"502","May-2009","D",40,2009-05-01,0.04
"638","May-2009","E",18,2009-05-01,0.018
"773","May-2009","F",6,2009-05-01,0.006
"908","May-2009","G",2,2009-05-01,0.002
"72","Jun-2009","A",94,2009-06-01,0.094
"208","Jun-2009","B",140,2009-06-01,0.14
"344","Jun-2009","C",107,2009-06-01,0.107
"480","Jun-2009","D",48,2009-06-01,0.048
"616","Jun-2009","E",9,2009-06-01,0.009
"751","Jun-2009","F",3,2009-06-01,0.003
"886","Jun-2009","G",5,2009-06-01,0.005
"60","Jul-2009","A",102,2009-07-01,0.102
"196","Jul-2009","B",117,2009-07-01,0.117
"332","Jul-2009","C",102,2009-07-01,0.102
"468","Jul-2009","D",55,2009-07-01,0.055
"604","Jul-2009","E",17,2009-07-01,0.017
"740","Jul-2009","F",12,2009-07-01,0.012
"875","Jul-2009","G",6,2009-07-01,0.006
"15","Aug-2009","A",109,2009-08-01,0.109
"151","Aug-2009","B",150,2009-08-01,0.15
"287","Aug-2009","C",99,2009-08-01,0.099
"423","Aug-2009","D",46,2009-08-01,0.046
"559","Aug-2009","E",30,2009-08-01,0.03
"695","Aug-2009","F",8,2009-08-01,0.008
"830","Aug-2009","G",4,2009-08-01,0.004
"128","Sep-2009","A",117,2009-09-01,0.117
"264","Sep-2009","B",158,2009-09-01,0.158
"400","Sep-2009","C",125,2009-09-01,0.125
"536","Sep-2009","D",63,2009-09-01,0.063
"672","Sep-2009","E",30,2009-09-01,0.03
"807","Sep-2009","F",10,2009-09-01,0.01
"941","Sep-2009","G",4,2009-09-01,0.004
"117","Oct-2009","A",127,2009-10-01,0.127
"253","Oct-2009","B",184,2009-10-01,0.184
"389","Oct-2009","C",146,2009-10-01,0.146
"525","Oct-2009","D",96,2009-10-01,0.096
"661","Oct-2009","E",31,2009-10-01,0.031
"796","Oct-2009","F",14,2009-10-01,0.014
"930","Oct-2009","G",6,2009-10-01,0.006
"106","Nov-2009","A",148,2009-11-01,0.148
"242","Nov-2009","B",180,2009-11-01,0.18
"378","Nov-2009","C",168,2009-11-01,0.168
"514","Nov-2009","D",121,2009-11-01,0.121
"650","Nov-2009","E",29,2009-11-01,0.029
"785","Nov-2009","F",8,2009-11-01,0.008
"919","Nov-2009","G",8,2009-11-01,0.008
"27","Dec-2009","A",139,2009-12-01,0.139
"163","Dec-2009","B",223,2009-12-01,0.223
"299","Dec-2009","C",159,2009-12-01,0.159
"435","Dec-2009","D",93,2009-12-01,0.093
"571","Dec-2009","E",23,2009-12-01,0.023
"707","Dec-2009","F",14,2009-12-01,0.014
"842","Dec-2009","G",7,2009-12-01,0.007
"49","Jan-2010","A",136,2010-01-01,0.136
"185","Jan-2010","B",208,2010-01-01,0.208
"321","Jan-2010","C",152,2010-01-01,0.152
"457","Jan-2010","D",104,2010-01-01,0.104
"593","Jan-2010","E",44,2010-01-01,0.044
"729","Jan-2010","F",14,2010-01-01,0.014
"864","Jan-2010","G",4,2010-01-01,0.004
"38","Feb-2010","A",136,2010-02-01,0.136
"174","Feb-2010","B",241,2010-02-01,0.241
"310","Feb-2010","C",170,2010-02-01,0.17
"446","Feb-2010","D",98,2010-02-01,0.098
"582","Feb-2010","E",24,2010-02-01,0.024
"718","Feb-2010","F",8,2010-02-01,0.008
"853","Feb-2010","G",5,2010-02-01,0.005
"84","Mar-2010","A",167,2010-03-01,0.167
"220","Mar-2010","B",275,2010-03-01,0.275
"356","Mar-2010","C",191,2010-03-01,0.191
"492","Mar-2010","D",135,2010-03-01,0.135
"628","Mar-2010","E",41,2010-03-01,0.041
"763","Mar-2010","F",12,2010-03-01,0.012
"898","Mar-2010","G",7,2010-03-01,0.007
"4","Apr-2010","A",168,2010-04-01,0.168
"140","Apr-2010","B",318,2010-04-01,0.318
"276","Apr-2010","C",240,2010-04-01,0.24
"412","Apr-2010","D",148,2010-04-01,0.148
"548","Apr-2010","E",29,2010-04-01,0.029
"684","Apr-2010","F",7,2010-04-01,0.007
"819","Apr-2010","G",2,2010-04-01,0.002
"95","May-2010","A",220,2010-05-01,0.22
"231","May-2010","B",286,2010-05-01,0.286
"367","May-2010","C",232,2010-05-01,0.232
"503","May-2010","D",168,2010-05-01,0.168
"639","May-2010","E",65,2010-05-01,0.065
"774","May-2010","F",18,2010-05-01,0.018
"73","Jun-2010","A",234,2010-06-01,0.234
"209","Jun-2010","B",309,2010-06-01,0.309
"345","Jun-2010","C",231,2010-06-01,0.231
"481","Jun-2010","D",170,2010-06-01,0.17
"617","Jun-2010","E",113,2010-06-01,0.113
"752","Jun-2010","F",32,2010-06-01,0.032
"887","Jun-2010","G",16,2010-06-01,0.016
"61","Jul-2010","A",274,2010-07-01,0.274
"197","Jul-2010","B",341,2010-07-01,0.341
"333","Jul-2010","C",264,2010-07-01,0.264
"469","Jul-2010","D",183,2010-07-01,0.183
"605","Jul-2010","E",102,2010-07-01,0.102
"741","Jul-2010","F",33,2010-07-01,0.033
"876","Jul-2010","G",7,2010-07-01,0.007
"16","Aug-2010","A",190,2010-08-01,0.19
"152","Aug-2010","B",337,2010-08-01,0.337
"288","Aug-2010","C",275,2010-08-01,0.275
"424","Aug-2010","D",194,2010-08-01,0.194
"560","Aug-2010","E",114,2010-08-01,0.114
"696","Aug-2010","F",45,2010-08-01,0.045
"831","Aug-2010","G",20,2010-08-01,0.02
"129","Sep-2010","A",242,2010-09-01,0.242
"265","Sep-2010","B",344,2010-09-01,0.344
"401","Sep-2010","C",247,2010-09-01,0.247
"537","Sep-2010","D",186,2010-09-01,0.186
"673","Sep-2010","E",125,2010-09-01,0.125
"808","Sep-2010","F",27,2010-09-01,0.027
"942","Sep-2010","G",18,2010-09-01,0.018
"118","Oct-2010","A",308,2010-10-01,0.308
"254","Oct-2010","B",336,2010-10-01,0.336
"390","Oct-2010","C",239,2010-10-01,0.239
"526","Oct-2010","D",174,2010-10-01,0.174
"662","Oct-2010","E",114,2010-10-01,0.114
"797","Oct-2010","F",44,2010-10-01,0.044
"931","Oct-2010","G",17,2010-10-01,0.017
"107","Nov-2010","A",358,2010-11-01,0.358
"243","Nov-2010","B",346,2010-11-01,0.346
"379","Nov-2010","C",225,2010-11-01,0.225
"515","Nov-2010","D",159,2010-11-01,0.159
"651","Nov-2010","E",82,2010-11-01,0.082
"786","Nov-2010","F",33,2010-11-01,0.033
"920","Nov-2010","G",21,2010-11-01,0.021
"28","Dec-2010","A",397,2010-12-01,0.397
"164","Dec-2010","B",346,2010-12-01,0.346
"300","Dec-2010","C",263,2010-12-01,0.263
"436","Dec-2010","D",166,2010-12-01,0.166
"572","Dec-2010","E",109,2010-12-01,0.109
"708","Dec-2010","F",38,2010-12-01,0.038
"843","Dec-2010","G",16,2010-12-01,0.016
"50","Jan-2011","A",403,2011-01-01,0.403
"186","Jan-2011","B",393,2011-01-01,0.393
"322","Jan-2011","C",244,2011-01-01,0.244
"458","Jan-2011","D",184,2011-01-01,0.184
"594","Jan-2011","E",109,2011-01-01,0.109
"730","Jan-2011","F",37,2011-01-01,0.037
"865","Jan-2011","G",10,2011-01-01,0.01
"39","Feb-2011","A",351,2011-02-01,0.351
"175","Feb-2011","B",380,2011-02-01,0.38
"311","Feb-2011","C",214,2011-02-01,0.214
"447","Feb-2011","D",150,2011-02-01,0.15
"583","Feb-2011","E",114,2011-02-01,0.114
"719","Feb-2011","F",62,2011-02-01,0.062
"854","Feb-2011","G",27,2011-02-01,0.027
"85","Mar-2011","A",356,2011-03-01,0.356
"221","Mar-2011","B",415,2011-03-01,0.415
"357","Mar-2011","C",243,2011-03-01,0.243
"493","Mar-2011","D",188,2011-03-01,0.188
"629","Mar-2011","E",147,2011-03-01,0.147
"764","Mar-2011","F",76,2011-03-01,0.076
"899","Mar-2011","G",23,2011-03-01,0.023
"5","Apr-2011","A",368,2011-04-01,0.368
"141","Apr-2011","B",498,2011-04-01,0.498
"277","Apr-2011","C",272,2011-04-01,0.272
"413","Apr-2011","D",221,2011-04-01,0.221
"549","Apr-2011","E",138,2011-04-01,0.138
"685","Apr-2011","F",47,2011-04-01,0.047
"820","Apr-2011","G",19,2011-04-01,0.019
"96","May-2011","A",402,2011-05-01,0.402
"232","May-2011","B",467,2011-05-01,0.467
"368","May-2011","C",340,2011-05-01,0.34
"504","May-2011","D",254,2011-05-01,0.254
"640","May-2011","E",165,2011-05-01,0.165
"775","May-2011","F",67,2011-05-01,0.067
"909","May-2011","G",9,2011-05-01,0.009
"74","Jun-2011","A",479,2011-06-01,0.479
"210","Jun-2011","B",542,2011-06-01,0.542
"346","Jun-2011","C",356,2011-06-01,0.356
"482","Jun-2011","D",238,2011-06-01,0.238
"618","Jun-2011","E",129,2011-06-01,0.129
"753","Jun-2011","F",69,2011-06-01,0.069
"888","Jun-2011","G",22,2011-06-01,0.022
"62","Jul-2011","A",461,2011-07-01,0.461
"198","Jul-2011","B",582,2011-07-01,0.582
"334","Jul-2011","C",353,2011-07-01,0.353
"470","Jul-2011","D",243,2011-07-01,0.243
"606","Jul-2011","E",164,2011-07-01,0.164
"742","Jul-2011","F",57,2011-07-01,0.057
"877","Jul-2011","G",15,2011-07-01,0.015
"17","Aug-2011","A",541,2011-08-01,0.541
"153","Aug-2011","B",570,2011-08-01,0.57
"289","Aug-2011","C",329,2011-08-01,0.329
"425","Aug-2011","D",276,2011-08-01,0.276
"561","Aug-2011","E",138,2011-08-01,0.138
"697","Aug-2011","F",62,2011-08-01,0.062
"832","Aug-2011","G",18,2011-08-01,0.018
"130","Sep-2011","A",645,2011-09-01,0.645
"266","Sep-2011","B",659,2011-09-01,0.659
"402","Sep-2011","C",355,2011-09-01,0.355
"538","Sep-2011","D",237,2011-09-01,0.237
"674","Sep-2011","E",118,2011-09-01,0.118
"809","Sep-2011","F",41,2011-09-01,0.041
"943","Sep-2011","G",12,2011-09-01,0.012
"119","Oct-2011","A",701,2011-10-01,0.701
"255","Oct-2011","B",626,2011-10-01,0.626
"391","Oct-2011","C",333,2011-10-01,0.333
"527","Oct-2011","D",236,2011-10-01,0.236
"663","Oct-2011","E",153,2011-10-01,0.153
"798","Oct-2011","F",51,2011-10-01,0.051
"932","Oct-2011","G",18,2011-10-01,0.018
"108","Nov-2011","A",597,2011-11-01,0.597
"244","Nov-2011","B",713,2011-11-01,0.713
"380","Nov-2011","C",428,2011-11-01,0.428
"516","Nov-2011","D",261,2011-11-01,0.261
"652","Nov-2011","E",153,2011-11-01,0.153
"787","Nov-2011","F",66,2011-11-01,0.066
"921","Nov-2011","G",14,2011-11-01,0.014
"29","Dec-2011","A",450,2011-12-01,0.45
"165","Dec-2011","B",720,2011-12-01,0.72
"301","Dec-2011","C",475,2011-12-01,0.475
"437","Dec-2011","D",308,2011-12-01,0.308
"573","Dec-2011","E",211,2011-12-01,0.211
"709","Dec-2011","F",87,2011-12-01,0.087
"844","Dec-2011","G",16,2011-12-01,0.016
"51","Jan-2012","A",702,2012-01-01,0.702
"187","Jan-2012","B",837,2012-01-01,0.837
"323","Jan-2012","C",516,2012-01-01,0.516
"459","Jan-2012","D",320,2012-01-01,0.32
"595","Jan-2012","E",159,2012-01-01,0.159
"731","Jan-2012","F",54,2012-01-01,0.054
"866","Jan-2012","G",14,2012-01-01,0.014
"40","Feb-2012","A",736,2012-02-01,0.736
"176","Feb-2012","B",796,2012-02-01,0.796
"312","Feb-2012","C",473,2012-02-01,0.473
"448","Feb-2012","D",315,2012-02-01,0.315
"584","Feb-2012","E",156,2012-02-01,0.156
"720","Feb-2012","F",63,2012-02-01,0.063
"855","Feb-2012","G",21,2012-02-01,0.021
"86","Mar-2012","A",897,2012-03-01,0.897
"222","Mar-2012","B",993,2012-03-01,0.993
"358","Mar-2012","C",508,2012-03-01,0.508
"494","Mar-2012","D",298,2012-03-01,0.298
"630","Mar-2012","E",154,2012-03-01,0.154
"765","Mar-2012","F",52,2012-03-01,0.052
"900","Mar-2012","G",12,2012-03-01,0.012
"6","Apr-2012","A",825,2012-04-01,0.825
"142","Apr-2012","B",1162,2012-04-01,1.162
"278","Apr-2012","C",646,2012-04-01,0.646
"414","Apr-2012","D",361,2012-04-01,0.361
"550","Apr-2012","E",156,2012-04-01,0.156
"686","Apr-2012","F",69,2012-04-01,0.069
"821","Apr-2012","G",11,2012-04-01,0.011
"97","May-2012","A",878,2012-05-01,0.878
"233","May-2012","B",1126,2012-05-01,1.126
"369","May-2012","C",696,2012-05-01,0.696
"505","May-2012","D",402,2012-05-01,0.402
"641","May-2012","E",207,2012-05-01,0.207
"776","May-2012","F",83,2012-05-01,0.083
"910","May-2012","G",8,2012-05-01,0.008
"75","Jun-2012","A",715,2012-06-01,0.715
"211","Jun-2012","B",1252,2012-06-01,1.252
"347","Jun-2012","C",886,2012-06-01,0.886
"483","Jun-2012","D",564,2012-06-01,0.564
"619","Jun-2012","E",257,2012-06-01,0.257
"754","Jun-2012","F",114,2012-06-01,0.114
"889","Jun-2012","G",29,2012-06-01,0.029
"63","Jul-2012","A",842,2012-07-01,0.842
"199","Jul-2012","B",1597,2012-07-01,1.597
"335","Jul-2012","C",1054,2012-07-01,1.054
"471","Jul-2012","D",704,2012-07-01,0.704
"607","Jul-2012","E",293,2012-07-01,0.293
"743","Jul-2012","F",114,2012-07-01,0.114
"878","Jul-2012","G",23,2012-07-01,0.023
"18","Aug-2012","A",1109,2012-08-01,1.109
"154","Aug-2012","B",1896,2012-08-01,1.896
"290","Aug-2012","C",1236,2012-08-01,1.236
"426","Aug-2012","D",725,2012-08-01,0.725
"562","Aug-2012","E",309,2012-08-01,0.309
"698","Aug-2012","F",116,2012-08-01,0.116
"833","Aug-2012","G",28,2012-08-01,0.028
"131","Sep-2012","A",1133,2012-09-01,1.133
"267","Sep-2012","B",2245,2012-09-01,2.245
"403","Sep-2012","C",1385,2012-09-01,1.385
"539","Sep-2012","D",839,2012-09-01,0.839
"675","Sep-2012","E",306,2012-09-01,0.306
"810","Sep-2012","F",149,2012-09-01,0.149
"944","Sep-2012","G",30,2012-09-01,0.03
"120","Oct-2012","A",1065,2012-10-01,1.065
"256","Oct-2012","B",2316,2012-10-01,2.316
"392","Oct-2012","C",1383,2012-10-01,1.383
"528","Oct-2012","D",940,2012-10-01,0.94
"664","Oct-2012","E",385,2012-10-01,0.385
"799","Oct-2012","F",150,2012-10-01,0.15
"933","Oct-2012","G",24,2012-10-01,0.024
"109","Nov-2012","A",976,2012-11-01,0.976
"245","Nov-2012","B",2221,2012-11-01,2.221
"381","Nov-2012","C",1470,2012-11-01,1.47
"517","Nov-2012","D",1026,2012-11-01,1.026
"653","Nov-2012","E",453,2012-11-01,0.453
"788","Nov-2012","F",197,2012-11-01,0.197
"922","Nov-2012","G",39,2012-11-01,0.039
"30","Dec-2012","A",1023,2012-12-01,1.023
"166","Dec-2012","B",2066,2012-12-01,2.066
"302","Dec-2012","C",1622,2012-12-01,1.622
"438","Dec-2012","D",829,2012-12-01,0.829
"574","Dec-2012","E",350,2012-12-01,0.35
"710","Dec-2012","F",154,2012-12-01,0.154
"845","Dec-2012","G",22,2012-12-01,0.022
"52","Jan-2013","A",905,2013-01-01,0.905
"188","Jan-2013","B",2566,2013-01-01,2.566
"324","Jan-2013","C",1977,2013-01-01,1.977
"460","Jan-2013","D",920,2013-01-01,0.92
"596","Jan-2013","E",351,2013-01-01,0.351
"732","Jan-2013","F",139,2013-01-01,0.139
"867","Jan-2013","G",14,2013-01-01,0.014
"41","Feb-2013","A",1083,2013-02-01,1.083
"177","Feb-2013","B",2842,2013-02-01,2.842
"313","Feb-2013","C",2220,2013-02-01,2.22
"449","Feb-2013","D",898,2013-02-01,0.898
"585","Feb-2013","E",357,2013-02-01,0.357
"721","Feb-2013","F",141,2013-02-01,0.141
"856","Feb-2013","G",20,2013-02-01,0.02
"87","Mar-2013","A",1310,2013-03-01,1.31
"223","Mar-2013","B",2708,2013-03-01,2.708
"359","Mar-2013","C",2432,2013-03-01,2.432
"495","Mar-2013","D",1142,2013-03-01,1.142
"631","Mar-2013","E",442,2013-03-01,0.442
"766","Mar-2013","F",217,2013-03-01,0.217
"901","Mar-2013","G",22,2013-03-01,0.022
"7","Apr-2013","A",1347,2013-04-01,1.347
"143","Apr-2013","B",2893,2013-04-01,2.893
"279","Apr-2013","C",2732,2013-04-01,2.732
"415","Apr-2013","D",1506,2013-04-01,1.506
"551","Apr-2013","E",632,2013-04-01,0.632
"687","Apr-2013","F",270,2013-04-01,0.27
"822","Apr-2013","G",39,2013-04-01,0.039
"98","May-2013","A",1129,2013-05-01,1.129
"234","May-2013","B",3287,2013-05-01,3.287
"370","May-2013","C",2860,2013-05-01,2.86
"506","May-2013","D",1696,2013-05-01,1.696
"642","May-2013","E",833,2013-05-01,0.833
"777","May-2013","F",450,2013-05-01,0.45
"911","May-2013","G",95,2013-05-01,0.095
"76","Jun-2013","A",1195,2013-06-01,1.195
"212","Jun-2013","B",3583,2013-06-01,3.583
"348","Jun-2013","C",3060,2013-06-01,3.06
"484","Jun-2013","D",1742,2013-06-01,1.742
"620","Jun-2013","E",769,2013-06-01,0.769
"755","Jun-2013","F",461,2013-06-01,0.461
"890","Jun-2013","G",89,2013-06-01,0.089
"64","Jul-2013","A",1333,2013-07-01,1.333
"200","Jul-2013","B",4026,2013-07-01,4.026
"336","Jul-2013","C",3349,2013-07-01,3.349
"472","Jul-2013","D",1886,2013-07-01,1.886
"608","Jul-2013","E",798,2013-07-01,0.798
"744","Jul-2013","F",442,2013-07-01,0.442
"879","Jul-2013","G",76,2013-07-01,0.076
"19","Aug-2013","A",1370,2013-08-01,1.37
"155","Aug-2013","B",4116,2013-08-01,4.116
"291","Aug-2013","C",3662,2013-08-01,3.662
"427","Aug-2013","D",1925,2013-08-01,1.925
"563","Aug-2013","E",968,2013-08-01,0.968
"699","Aug-2013","F",502,2013-08-01,0.502
"834","Aug-2013","G",131,2013-08-01,0.131
"132","Sep-2013","A",1329,2013-09-01,1.329
"268","Sep-2013","B",4195,2013-09-01,4.195
"404","Sep-2013","C",3851,2013-09-01,3.851
"540","Sep-2013","D",1992,2013-09-01,1.992
"676","Sep-2013","E",976,2013-09-01,0.976
"811","Sep-2013","F",535,2013-09-01,0.535
"945","Sep-2013","G",109,2013-09-01,0.109
"121","Oct-2013","A",1630,2013-10-01,1.63
"257","Oct-2013","B",4690,2013-10-01,4.69
"393","Oct-2013","C",4159,2013-10-01,4.159
"529","Oct-2013","D",2139,2013-10-01,2.139
"665","Oct-2013","E",908,2013-10-01,0.908
"800","Oct-2013","F",502,2013-10-01,0.502
"934","Oct-2013","G",101,2013-10-01,0.101
"110","Nov-2013","A",2628,2013-11-01,2.628
"246","Nov-2013","B",4630,2013-11-01,4.63
"382","Nov-2013","C",3813,2013-11-01,3.813
"518","Nov-2013","D",2247,2013-11-01,2.247
"654","Nov-2013","E",950,2013-11-01,0.95
"789","Nov-2013","F",369,2013-11-01,0.369
"923","Nov-2013","G",83,2013-11-01,0.083
"31","Dec-2013","A",2420,2013-12-01,2.42
"167","Dec-2013","B",4580,2013-12-01,4.58
"303","Dec-2013","C",4019,2013-12-01,4.019
"439","Dec-2013","D",2476,2013-12-01,2.476
"575","Dec-2013","E",1075,2013-12-01,1.075
"711","Dec-2013","F",365,2013-12-01,0.365
"846","Dec-2013","G",85,2013-12-01,0.085
"53","Jan-2014","A",2394,2014-01-01,2.394
"189","Jan-2014","B",4672,2014-01-01,4.672
"325","Jan-2014","C",4518,2014-01-01,4.518
"461","Jan-2014","D",2638,2014-01-01,2.638
"597","Jan-2014","E",982,2014-01-01,0.982
"733","Jan-2014","F",340,2014-01-01,0.34
"868","Jan-2014","G",84,2014-01-01,0.084
"42","Feb-2014","A",2218,2014-02-01,2.218
"178","Feb-2014","B",4318,2014-02-01,4.318
"314","Feb-2014","C",4359,2014-02-01,4.359
"450","Feb-2014","D",2776,2014-02-01,2.776
"586","Feb-2014","E",1152,2014-02-01,1.152
"722","Feb-2014","F",364,2014-02-01,0.364
"857","Feb-2014","G",82,2014-02-01,0.082
"88","Mar-2014","A",2082,2014-03-01,2.082
"224","Mar-2014","B",4521,2014-03-01,4.521
"360","Mar-2014","C",5012,2014-03-01,5.012
"496","Mar-2014","D",2983,2014-03-01,2.983
"632","Mar-2014","E",1375,2014-03-01,1.375
"767","Mar-2014","F",439,2014-03-01,0.439
"902","Mar-2014","G",101,2014-03-01,0.101
"8","Apr-2014","A",2653,2014-04-01,2.653
"144","Apr-2014","B",5251,2014-04-01,5.251
"280","Apr-2014","C",5384,2014-04-01,5.384
"416","Apr-2014","D",3535,2014-04-01,3.535
"552","Apr-2014","E",1649,2014-04-01,1.649
"688","Apr-2014","F",486,2014-04-01,0.486
"823","Apr-2014","G",113,2014-04-01,0.113
"99","May-2014","A",2613,2014-05-01,2.613
"235","May-2014","B",4960,2014-05-01,4.96
"371","May-2014","C",5522,2014-05-01,5.522
"507","May-2014","D",3763,2014-05-01,3.763
"643","May-2014","E",1640,2014-05-01,1.64
"778","May-2014","F",475,2014-05-01,0.475
"912","May-2014","G",126,2014-05-01,0.126
"77","Jun-2014","A",2227,2014-06-01,2.227
"213","Jun-2014","B",4361,2014-06-01,4.361
"349","Jun-2014","C",4863,2014-06-01,4.863
"485","Jun-2014","D",3518,2014-06-01,3.518
"621","Jun-2014","E",1663,2014-06-01,1.663
"756","Jun-2014","F",419,2014-06-01,0.419
"891","Jun-2014","G",128,2014-06-01,0.128
"65","Jul-2014","A",3668,2014-07-01,3.668
"201","Jul-2014","B",7460,2014-07-01,7.46
"337","Jul-2014","C",8312,2014-07-01,8.312
"473","Jul-2014","D",6011,2014-07-01,6.011
"609","Jul-2014","E",2820,2014-07-01,2.82
"745","Jul-2014","F",817,2014-07-01,0.817
"880","Jul-2014","G",218,2014-07-01,0.218
"20","Aug-2014","A",2969,2014-08-01,2.969
"156","Aug-2014","B",4792,2014-08-01,4.792
"292","Aug-2014","C",4630,2014-08-01,4.63
"428","Aug-2014","D",3464,2014-08-01,3.464
"564","Aug-2014","E",1886,2014-08-01,1.886
"700","Aug-2014","F",781,2014-08-01,0.781
"835","Aug-2014","G",292,2014-08-01,0.292
"133","Sep-2014","A",2117,2014-09-01,2.117
"269","Sep-2014","B",2547,2014-09-01,2.547
"405","Sep-2014","C",2743,2014-09-01,2.743
"541","Sep-2014","D",1785,2014-09-01,1.785
"677","Sep-2014","E",915,2014-09-01,0.915
"812","Sep-2014","F",357,2014-09-01,0.357
"946","Sep-2014","G",142,2014-09-01,0.142
"122","Oct-2014","A",7064,2014-10-01,7.064
"258","Oct-2014","B",9538,2014-10-01,9.538
"394","Oct-2014","C",11119,2014-10-01,11.119
"530","Oct-2014","D",6739,2014-10-01,6.739
"666","Oct-2014","E",3204,2014-10-01,3.204
"801","Oct-2014","F",909,2014-10-01,0.909
"935","Oct-2014","G",210,2014-10-01,0.21
"111","Nov-2014","A",4100,2014-11-01,4.1
"247","Nov-2014","B",6701,2014-11-01,6.701
"383","Nov-2014","C",7261,2014-11-01,7.261
"519","Nov-2014","D",4192,2014-11-01,4.192
"655","Nov-2014","E",2080,2014-11-01,2.08
"790","Nov-2014","F",587,2014-11-01,0.587
"924","Nov-2014","G",133,2014-11-01,0.133
"32","Dec-2014","A",2003,2014-12-01,2.003
"168","Dec-2014","B",2814,2014-12-01,2.814
"304","Dec-2014","C",2842,2014-12-01,2.842
"440","Dec-2014","D",1588,2014-12-01,1.588
"576","Dec-2014","E",755,2014-12-01,0.755
"712","Dec-2014","F",249,2014-12-01,0.249
"847","Dec-2014","G",56,2014-12-01,0.056
"54","Jan-2015","A",6034,2015-01-01,6.034
"190","Jan-2015","B",9156,2015-01-01,9.156
"326","Jan-2015","C",9979,2015-01-01,9.979
"462","Jan-2015","D",5921,2015-01-01,5.921
"598","Jan-2015","E",2914,2015-01-01,2.914
"734","Jan-2015","F",862,2015-01-01,0.862
"869","Jan-2015","G",241,2015-01-01,0.241
"43","Feb-2015","A",4381,2015-02-01,4.381
"179","Feb-2015","B",6317,2015-02-01,6.317
"315","Feb-2015","C",6706,2015-02-01,6.706
"451","Feb-2015","D",3724,2015-02-01,3.724
"587","Feb-2015","E",2001,2015-02-01,2.001
"723","Feb-2015","F",491,2015-02-01,0.491
"858","Feb-2015","G",150,2015-02-01,0.15
"89","Mar-2015","A",4235,2015-03-01,4.235
"225","Mar-2015","B",6903,2015-03-01,6.903
"361","Mar-2015","C",7390,2015-03-01,7.39
"497","Mar-2015","D",4011,2015-03-01,4.011
"633","Mar-2015","E",2128,2015-03-01,2.128
"768","Mar-2015","F",595,2015-03-01,0.595
"903","Mar-2015","G",138,2015-03-01,0.138
"9","Apr-2015","A",6169,2015-04-01,6.169
"145","Apr-2015","B",9364,2015-04-01,9.364
"281","Apr-2015","C",10110,2015-04-01,10.11
"417","Apr-2015","D",5559,2015-04-01,5.559
"553","Apr-2015","E",3167,2015-04-01,3.167
"689","Apr-2015","F",856,2015-04-01,0.856
"824","Apr-2015","G",202,2015-04-01,0.202
"100","May-2015","A",5934,2015-05-01,5.934
"236","May-2015","B",8135,2015-05-01,8.135
"372","May-2015","C",8999,2015-05-01,8.999
"508","May-2015","D",4862,2015-05-01,4.862
"644","May-2015","E",2914,2015-05-01,2.914
"779","May-2015","F",872,2015-05-01,0.872
"913","May-2015","G",197,2015-05-01,0.197
"78","Jun-2015","A",5073,2015-06-01,5.073
"214","Jun-2015","B",7393,2015-06-01,7.393
"350","Jun-2015","C",8033,2015-06-01,8.033
"486","Jun-2015","D",4342,2015-06-01,4.342
"622","Jun-2015","E",2683,2015-06-01,2.683
"757","Jun-2015","F",819,2015-06-01,0.819
"892","Jun-2015","G",142,2015-06-01,0.142
"66","Jul-2015","A",7711,2015-07-01,7.711
"202","Jul-2015","B",12441,2015-07-01,12.441
"338","Jul-2015","C",13298,2015-07-01,13.298
"474","Jul-2015","D",7002,2015-07-01,7.002
"610","Jul-2015","E",4072,2015-07-01,4.072
"746","Jul-2015","F",1212,2015-07-01,1.212
"881","Jul-2015","G",226,2015-07-01,0.226
"21","Aug-2015","A",6027,2015-08-01,6.027
"157","Aug-2015","B",10275,2015-08-01,10.275
"293","Aug-2015","C",10143,2015-08-01,10.143
"429","Aug-2015","D",5268,2015-08-01,5.268
"565","Aug-2015","E",3115,2015-08-01,3.115
"701","Aug-2015","F",869,2015-08-01,0.869
"836","Aug-2015","G",189,2015-08-01,0.189
"134","Sep-2015","A",4891,2015-09-01,4.891
"270","Sep-2015","B",7929,2015-09-01,7.929
"406","Sep-2015","C",8010,2015-09-01,8.01
"542","Sep-2015","D",4325,2015-09-01,4.325
"678","Sep-2015","E",2631,2015-09-01,2.631
"813","Sep-2015","F",717,2015-09-01,0.717
"947","Sep-2015","G",138,2015-09-01,0.138
"123","Oct-2015","A",8746,2015-10-01,8.746
"259","Oct-2015","B",14691,2015-10-01,14.691
"395","Oct-2015","C",13878,2015-10-01,13.878
"531","Oct-2015","D",6616,2015-10-01,6.616
"667","Oct-2015","E",3544,2015-10-01,3.544
"802","Oct-2015","F",949,2015-10-01,0.949
"936","Oct-2015","G",207,2015-10-01,0.207
"112","Nov-2015","A",6514,2015-11-01,6.514
"248","Nov-2015","B",11641,2015-11-01,11.641
"384","Nov-2015","C",11081,2015-11-01,11.081
"520","Nov-2015","D",4866,2015-11-01,4.866
"656","Nov-2015","E",2628,2015-11-01,2.628
"791","Nov-2015","F",662,2015-11-01,0.662
"925","Nov-2015","G",138,2015-11-01,0.138
"33","Dec-2015","A",7621,2015-12-01,7.621
"169","Dec-2015","B",13361,2015-12-01,13.361
"305","Dec-2015","C",12940,2015-12-01,12.94
"441","Dec-2015","D",6158,2015-12-01,6.158
"577","Dec-2015","E",3151,2015-12-01,3.151
"713","Dec-2015","F",913,2015-12-01,0.913
"848","Dec-2015","G",199,2015-12-01,0.199
"55","Jan-2016","A",6247,2016-01-01,6.247
"191","Jan-2016","B",10174,2016-01-01,10.174
"327","Jan-2016","C",8644,2016-01-01,8.644
"463","Jan-2016","D",3821,2016-01-01,3.821
"599","Jan-2016","E",2472,2016-01-01,2.472
"735","Jan-2016","F",814,2016-01-01,0.814
"870","Jan-2016","G",194,2016-01-01,0.194
"44","Feb-2016","A",7035,2016-02-01,7.035
"180","Feb-2016","B",12646,2016-02-01,12.646
"316","Feb-2016","C",11355,2016-02-01,11.355
"452","Feb-2016","D",4592,2016-02-01,4.592
"588","Feb-2016","E",2655,2016-02-01,2.655
"724","Feb-2016","F",979,2016-02-01,0.979
"859","Feb-2016","G",267,2016-02-01,0.267
"90","Mar-2016","A",13200,2016-03-01,13.2
"226","Mar-2016","B",17447,2016-03-01,17.447
"362","Mar-2016","C",16778,2016-03-01,16.778
"498","Mar-2016","D",8041,2016-03-01,8.041
"634","Mar-2016","E",4413,2016-03-01,4.413
"769","Mar-2016","F",1689,2016-03-01,1.689
"904","Mar-2016","G",424,2016-03-01,0.424
"10","Apr-2016","A",8024,2016-04-01,8.024
"146","Apr-2016","B",9718,2016-04-01,9.718
"282","Apr-2016","C",10439,2016-04-01,10.439
"418","Apr-2016","D",4989,2016-04-01,4.989
"554","Apr-2016","E",2177,2016-04-01,2.177
"690","Apr-2016","F",791,2016-04-01,0.791
"825","Apr-2016","G",294,2016-04-01,0.294
"101","May-2016","A",5839,2016-05-01,5.839
"237","May-2016","B",8669,2016-05-01,8.669
"373","May-2016","C",7716,2016-05-01,7.716
"509","May-2016","D",3609,2016-05-01,3.609
"645","May-2016","E",1781,2016-05-01,1.781
"780","May-2016","F",616,2016-05-01,0.616
"914","May-2016","G",173,2016-05-01,0.173
"79","Jun-2016","A",6555,2016-06-01,6.555
"215","Jun-2016","B",11163,2016-06-01,11.163
"351","Jun-2016","C",9256,2016-06-01,9.256
"487","Jun-2016","D",3649,2016-06-01,3.649
"623","Jun-2016","E",1563,2016-06-01,1.563
"758","Jun-2016","F",668,2016-06-01,0.668
"893","Jun-2016","G",165,2016-06-01,0.165
"67","Jul-2016","A",4144,2016-07-01,4.144
"203","Jul-2016","B",10945,2016-07-01,10.945
"339","Jul-2016","C",11689,2016-07-01,11.689
"475","Jul-2016","D",5122,2016-07-01,5.122
"611","Jul-2016","E",1849,2016-07-01,1.849
"747","Jul-2016","F",744,2016-07-01,0.744
"882","Jul-2016","G",203,2016-07-01,0.203
"22","Aug-2016","A",3758,2016-08-01,3.758
"158","Aug-2016","B",12914,2016-08-01,12.914
"294","Aug-2016","C",11445,2016-08-01,11.445
"430","Aug-2016","D",5133,2016-08-01,5.133
"566","Aug-2016","E",1973,2016-08-01,1.973
"702","Aug-2016","F",853,2016-08-01,0.853
"837","Aug-2016","G",204,2016-08-01,0.204
"135","Sep-2016","A",3134,2016-09-01,3.134
"271","Sep-2016","B",8497,2016-09-01,8.497
"407","Sep-2016","C",9712,2016-09-01,9.712
"543","Sep-2016","D",4380,2016-09-01,4.38
"679","Sep-2016","E",1628,2016-09-01,1.628
"814","Sep-2016","F",637,2016-09-01,0.637
"948","Sep-2016","G",156,2016-09-01,0.156
"124","Oct-2016","A",4158,2016-10-01,4.158
"260","Oct-2016","B",10324,2016-10-01,10.324
"396","Oct-2016","C",11054,2016-10-01,11.054
"532","Oct-2016","D",4869,2016-10-01,4.869
"668","Oct-2016","E",1650,2016-10-01,1.65
"803","Oct-2016","F",554,2016-10-01,0.554
"937","Oct-2016","G",163,2016-10-01,0.163
"113","Nov-2016","A",4188,2016-11-01,4.188
"249","Nov-2016","B",11168,2016-11-01,11.168
"385","Nov-2016","C",11934,2016-11-01,11.934
"521","Nov-2016","D",5104,2016-11-01,5.104
"657","Nov-2016","E",1697,2016-11-01,1.697
"792","Nov-2016","F",378,2016-11-01,0.378
"926","Nov-2016","G",122,2016-11-01,0.122
"34","Dec-2016","A",4565,2016-12-01,4.565
"170","Dec-2016","B",10847,2016-12-01,10.847
"306","Dec-2016","C",12156,2016-12-01,12.156
"442","Dec-2016","D",5869,2016-12-01,5.869
"578","Dec-2016","E",1949,2016-12-01,1.949
"714","Dec-2016","F",611,2016-12-01,0.611
"849","Dec-2016","G",186,2016-12-01,0.186
"56","Jan-2017","A",4602,2017-01-01,4.602
"192","Jan-2017","B",9437,2017-01-01,9.437
"328","Jan-2017","C",10884,2017-01-01,10.884
"464","Jan-2017","D",4434,2017-01-01,4.434
"600","Jan-2017","E",1735,2017-01-01,1.735
"736","Jan-2017","F",562,2017-01-01,0.562
"871","Jan-2017","G",181,2017-01-01,0.181
"45","Feb-2017","A",4237,2017-02-01,4.237
"181","Feb-2017","B",8148,2017-02-01,8.148
"317","Feb-2017","C",9946,2017-02-01,9.946
"453","Feb-2017","D",3256,2017-02-01,3.256
"589","Feb-2017","E",1516,2017-02-01,1.516
"725","Feb-2017","F",517,2017-02-01,0.517
"860","Feb-2017","G",143,2017-02-01,0.143
"91","Mar-2017","A",6137,2017-03-01,6.137
"227","Mar-2017","B",11191,2017-03-01,11.191
"363","Mar-2017","C",12869,2017-03-01,12.869
"499","Mar-2017","D",4339,2017-03-01,4.339
"635","Mar-2017","E",1805,2017-03-01,1.805
"770","Mar-2017","F",656,2017-03-01,0.656
"905","Mar-2017","G",184,2017-03-01,0.184
"11","Apr-2017","A",4790,2017-04-01,4.79
"147","Apr-2017","B",8663,2017-04-01,8.663
"283","Apr-2017","C",10455,2017-04-01,10.455
"419","Apr-2017","D",3524,2017-04-01,3.524
"555","Apr-2017","E",1591,2017-04-01,1.591
"691","Apr-2017","F",515,2017-04-01,0.515
"826","Apr-2017","G",145,2017-04-01,0.145
"102","May-2017","A",6309,2017-05-01,6.309
"238","May-2017","B",11120,2017-05-01,11.12
"374","May-2017","C",13352,2017-05-01,13.352
"510","May-2017","D",4302,2017-05-01,4.302
"646","May-2017","E",1701,2017-05-01,1.701
"781","May-2017","F",637,2017-05-01,0.637
"915","May-2017","G",260,2017-05-01,0.26
"80","Jun-2017","A",6799,2017-06-01,6.799
"216","Jun-2017","B",11518,2017-06-01,11.518
"352","Jun-2017","C",13073,2017-06-01,13.073
"488","Jun-2017","D",4189,2017-06-01,4.189
"624","Jun-2017","E",1555,2017-06-01,1.555
"759","Jun-2017","F",573,2017-06-01,0.573
"894","Jun-2017","G",380,2017-06-01,0.38
"68","Jul-2017","A",6813,2017-07-01,6.813
"204","Jul-2017","B",11528,2017-07-01,11.528
"340","Jul-2017","C",13787,2017-07-01,13.787
"476","Jul-2017","D",4477,2017-07-01,4.477
"612","Jul-2017","E",1744,2017-07-01,1.744
"748","Jul-2017","F",517,2017-07-01,0.517
"883","Jul-2017","G",549,2017-07-01,0.549
"23","Aug-2017","A",7608,2017-08-01,7.608
"159","Aug-2017","B",13345,2017-08-01,13.345
"295","Aug-2017","C",14893,2017-08-01,14.893
"431","Aug-2017","D",5000,2017-08-01,5
"567","Aug-2017","E",1878,2017-08-01,1.878
"703","Aug-2017","F",455,2017-08-01,0.455
"838","Aug-2017","G",394,2017-08-01,0.394
"136","Sep-2017","A",6375,2017-09-01,6.375
"272","Sep-2017","B",11345,2017-09-01,11.345
"408","Sep-2017","C",13466,2017-09-01,13.466
"544","Sep-2017","D",5259,2017-09-01,5.259
"680","Sep-2017","E",1922,2017-09-01,1.922
"815","Sep-2017","F",596,2017-09-01,0.596
"949","Sep-2017","G",750,2017-09-01,0.75
"125","Oct-2017","A",7513,2017-10-01,7.513
"261","Oct-2017","B",11807,2017-10-01,11.807
"397","Oct-2017","C",10563,2017-10-01,10.563
"533","Oct-2017","D",5705,2017-10-01,5.705
"669","Oct-2017","E",1753,2017-10-01,1.753
"804","Oct-2017","F",539,2017-10-01,0.539
"938","Oct-2017","G",271,2017-10-01,0.271
"114","Nov-2017","A",9083,2017-11-01,9.083
"250","Nov-2017","B",13332,2017-11-01,13.332
"386","Nov-2017","C",11529,2017-11-01,11.529
"522","Nov-2017","D",6184,2017-11-01,6.184
"658","Nov-2017","E",1654,2017-11-01,1.654
"793","Nov-2017","F",419,2017-11-01,0.419
"927","Nov-2017","G",142,2017-11-01,0.142
"35","Dec-2017","A",8530,2017-12-01,8.53
"171","Dec-2017","B",11693,2017-12-01,11.693
"307","Dec-2017","C",10327,2017-12-01,10.327
"443","Dec-2017","D",5977,2017-12-01,5.977
"579","Dec-2017","E",1313,2017-12-01,1.313
"715","Dec-2017","F",256,2017-12-01,0.256
"850","Dec-2017","G",58,2017-12-01,0.058
"57","Jan-2018","A",9093,2018-01-01,9.093
"193","Jan-2018","B",10942,2018-01-01,10.942
"329","Jan-2018","C",9632,2018-01-01,9.632
"465","Jan-2018","D",5175,2018-01-01,5.175
"601","Jan-2018","E",1241,2018-01-01,1.241
"737","Jan-2018","F",230,2018-01-01,0.23
"872","Jan-2018","G",34,2018-01-01,0.034
"46","Feb-2018","A",8029,2018-02-01,8.029
"182","Feb-2018","B",9775,2018-02-01,9.775
"318","Feb-2018","C",8885,2018-02-01,8.885
"454","Feb-2018","D",4683,2018-02-01,4.683
"590","Feb-2018","E",1113,2018-02-01,1.113
"726","Feb-2018","F",215,2018-02-01,0.215
"861","Feb-2018","G",46,2018-02-01,0.046
"92","Mar-2018","A",9647,2018-03-01,9.647
"228","Mar-2018","B",11765,2018-03-01,11.765
"364","Mar-2018","C",10230,2018-03-01,10.23
"500","Mar-2018","D",5519,2018-03-01,5.519
"636","Mar-2018","E",1337,2018-03-01,1.337
"771","Mar-2018","F",237,2018-03-01,0.237
"906","Mar-2018","G",36,2018-03-01,0.036
"12","Apr-2018","A",10408,2018-04-01,10.408
"148","Apr-2018","B",12792,2018-04-01,12.792
"284","Apr-2018","C",11747,2018-04-01,11.747
"420","Apr-2018","D",6185,2018-04-01,6.185
"556","Apr-2018","E",1442,2018-04-01,1.442
"692","Apr-2018","F",294,2018-04-01,0.294
"827","Apr-2018","G",60,2018-04-01,0.06
"103","May-2018","A",11569,2018-05-01,11.569
"239","May-2018","B",13583,2018-05-01,13.583
"375","May-2018","C",12663,2018-05-01,12.663
"511","May-2018","D",6578,2018-05-01,6.578
"647","May-2018","E",1544,2018-05-01,1.544
"782","May-2018","F",308,2018-05-01,0.308
"916","May-2018","G",66,2018-05-01,0.066
"81","Jun-2018","A",11039,2018-06-01,11.039
"217","Jun-2018","B",11871,2018-06-01,11.871
"353","Jun-2018","C",11102,2018-06-01,11.102
"489","Jun-2018","D",5781,2018-06-01,5.781
"625","Jun-2018","E",1363,2018-06-01,1.363
"760","Jun-2018","F",321,2018-06-01,0.321
"895","Jun-2018","G",56,2018-06-01,0.056
"69","Jul-2018","A",11922,2018-07-01,11.922
"205","Jul-2018","B",11730,2018-07-01,11.73
"341","Jul-2018","C",10943,2018-07-01,10.943
"477","Jul-2018","D",6259,2018-07-01,6.259
"613","Jul-2018","E",1708,2018-07-01,1.708
"749","Jul-2018","F",422,2018-07-01,0.422
"884","Jul-2018","G",105,2018-07-01,0.105
"24","Aug-2018","A",13230,2018-08-01,13.23
"160","Aug-2018","B",12686,2018-08-01,12.686
"296","Aug-2018","C",11438,2018-08-01,11.438
"432","Aug-2018","D",6434,2018-08-01,6.434
"568","Aug-2018","E",1775,2018-08-01,1.775
"704","Aug-2018","F",414,2018-08-01,0.414
"839","Aug-2018","G",102,2018-08-01,0.102
"137","Sep-2018","A",12229,2018-09-01,12.229
"273","Sep-2018","B",10360,2018-09-01,10.36
"409","Sep-2018","C",9192,2018-09-01,9.192
"545","Sep-2018","D",5360,2018-09-01,5.36
"681","Sep-2018","E",1473,2018-09-01,1.473
"816","Sep-2018","F",347,2018-09-01,0.347
"950","Sep-2018","G",65,2018-09-01,0.065
