row,V1,Group.1,Group.2,x,count1000
1,1,5/1/07,car,1,0.001
2,273,5/1/07,debt_consolidation,4,0.004
3,410,5/1/07,educational,3,0.003
4,876,5/1/07,medical,1,0.001
5,1012,5/1/07,moving,1,0.001
6,1147,5/1/07,other,37,0.037
7,1519,5/1/07,vacation,1,0.001
8,1649,5/1/07,wedding,1,0.001
9,137,6/1/07,credit_card,2,0.002
10,274,6/1/07,debt_consolidation,5,0.005
11,411,6/1/07,educational,4,0.004
12,492,6/1/07,home_improvement,1,0.001
13,626,6/1/07,house,1,0.001
14,877,6/1/07,medical,1,0.001
15,1148,6/1/07,other,275,0.275
16,2,7/1/07,car,2,0.002
17,138,7/1/07,credit_card,2,0.002
18,275,7/1/07,debt_consolidation,4,0.004
19,412,7/1/07,educational,4,0.004
20,878,7/1/07,medical,1,0.001
21,1013,7/1/07,moving,1,0.001
22,1149,7/1/07,other,251,0.251
23,1385,7/1/07,small_business,1,0.001
24,3,8/1/07,car,1,0.001
25,139,8/1/07,credit_card,3,0.003
26,276,8/1/07,debt_consolidation,3,0.003
27,413,8/1/07,educational,2,0.002
28,493,8/1/07,home_improvement,1,0.001
29,1150,8/1/07,other,212,0.212
30,4,9/1/07,car,4,0.004
31,140,9/1/07,credit_card,2,0.002
32,277,9/1/07,debt_consolidation,5,0.005
33,414,9/1/07,educational,3,0.003
34,879,9/1/07,medical,2,0.002
35,1014,9/1/07,moving,1,0.001
36,1151,9/1/07,other,400,0.4
37,1386,9/1/07,small_business,1,0.001
38,5,10/1/07,car,2,0.002
39,141,10/1/07,credit_card,3,0.003
40,278,10/1/07,debt_consolidation,2,0.002
41,415,10/1/07,educational,2,0.002
42,494,10/1/07,home_improvement,2,0.002
43,627,10/1/07,house,2,0.002
44,880,10/1/07,medical,2,0.002
45,1015,10/1/07,moving,2,0.002
46,1152,10/1/07,other,958,0.958
47,1387,10/1/07,small_business,7,0.007
48,6,11/1/07,car,10,0.01
49,142,11/1/07,credit_card,3,0.003
50,279,11/1/07,debt_consolidation,111,0.111
51,416,11/1/07,educational,10,0.01
52,495,11/1/07,home_improvement,13,0.013
53,747,11/1/07,major_purchase,20,0.02
54,881,11/1/07,medical,3,0.003
55,1016,11/1/07,moving,5,0.005
56,1153,11/1/07,other,1167,1.167
57,1388,11/1/07,small_business,3,0.003
58,7,12/1/07,car,6,0.006
59,143,12/1/07,credit_card,9,0.009
60,280,12/1/07,debt_consolidation,296,0.296
61,417,12/1/07,educational,8,0.008
62,496,12/1/07,home_improvement,13,0.013
63,628,12/1/07,house,2,0.002
64,748,12/1/07,major_purchase,48,0.048
65,882,12/1/07,medical,11,0.011
66,1017,12/1/07,moving,6,0.006
67,1154,12/1/07,other,1294,1.294
68,1389,12/1/07,small_business,7,0.007
69,1650,12/1/07,wedding,3,0.003
70,8,1/1/08,car,19,0.019
71,144,1/1/08,credit_card,28,0.028
72,281,1/1/08,debt_consolidation,503,0.503
73,418,1/1/08,educational,25,0.025
74,497,1/1/08,home_improvement,26,0.026
75,629,1/1/08,house,1,0.001
76,749,1/1/08,major_purchase,76,0.076
77,883,1/1/08,medical,5,0.005
78,1018,1/1/08,moving,5,0.005
79,1155,1/1/08,other,2159,2.159
80,1390,1/1/08,small_business,22,0.022
81,1520,1/1/08,vacation,1,0.001
82,1651,1/1/08,wedding,6,0.006
83,9,2/1/08,car,15,0.015
84,145,2/1/08,credit_card,14,0.014
85,282,2/1/08,debt_consolidation,473,0.473
86,419,2/1/08,educational,11,0.011
87,498,2/1/08,home_improvement,41,0.041
88,750,2/1/08,major_purchase,59,0.059
89,884,2/1/08,medical,4,0.004
90,1019,2/1/08,moving,3,0.003
91,1156,2/1/08,other,1284,1.284
92,1391,2/1/08,small_business,15,0.015
93,1521,2/1/08,vacation,1,0.001
94,1652,2/1/08,wedding,6,0.006
95,10,3/1/08,car,153,0.153
96,146,3/1/08,credit_card,171,0.171
97,283,3/1/08,debt_consolidation,625,0.625
98,420,3/1/08,educational,110,0.11
99,499,3/1/08,home_improvement,61,0.061
100,630,3/1/08,house,11,0.011
101,751,3/1/08,major_purchase,55,0.055
102,885,3/1/08,medical,45,0.045
103,1020,3/1/08,moving,40,0.04
104,1157,3/1/08,other,1611,1.611
105,1392,3/1/08,small_business,121,0.121
106,1522,3/1/08,vacation,8,0.008
107,1653,3/1/08,wedding,26,0.026
108,11,4/1/08,car,191,0.191
109,147,4/1/08,credit_card,154,0.154
110,284,4/1/08,debt_consolidation,330,0.33
111,421,4/1/08,educational,127,0.127
112,500,4/1/08,home_improvement,33,0.033
113,631,4/1/08,house,9,0.009
114,752,4/1/08,major_purchase,3,0.003
115,886,4/1/08,medical,66,0.066
116,1021,4/1/08,moving,52,0.052
117,1158,4/1/08,other,1617,1.617
118,1393,4/1/08,small_business,225,0.225
119,1523,4/1/08,vacation,12,0.012
120,1654,4/1/08,wedding,25,0.025
121,12,5/1/08,car,98,0.098
122,148,5/1/08,credit_card,59,0.059
123,285,5/1/08,debt_consolidation,115,0.115
124,422,5/1/08,educational,63,0.063
125,501,5/1/08,home_improvement,14,0.014
126,632,5/1/08,house,4,0.004
127,753,5/1/08,major_purchase,2,0.002
128,887,5/1/08,medical,24,0.024
129,1022,5/1/08,moving,25,0.025
130,1159,5/1/08,other,714,0.714
131,1394,5/1/08,small_business,60,0.06
132,1524,5/1/08,vacation,6,0.006
133,1655,5/1/08,wedding,12,0.012
134,13,6/1/08,car,89,0.089
135,149,6/1/08,credit_card,60,0.06
136,286,6/1/08,debt_consolidation,116,0.116
137,423,6/1/08,educational,82,0.082
138,502,6/1/08,home_improvement,16,0.016
139,633,6/1/08,house,3,0.003
140,754,6/1/08,major_purchase,2,0.002
141,888,6/1/08,medical,29,0.029
142,1023,6/1/08,moving,27,0.027
143,1160,6/1/08,other,845,0.845
144,1395,6/1/08,small_business,54,0.054
145,1525,6/1/08,vacation,4,0.004
146,1656,6/1/08,wedding,18,0.018
147,14,7/1/08,car,69,0.069
148,150,7/1/08,credit_card,70,0.07
149,287,7/1/08,debt_consolidation,122,0.122
150,424,7/1/08,educational,89,0.089
151,503,7/1/08,home_improvement,15,0.015
152,634,7/1/08,house,2,0.002
153,889,7/1/08,medical,27,0.027
154,1024,7/1/08,moving,26,0.026
155,1161,7/1/08,other,754,0.754
156,1284,7/1/08,renewable_energy,1,0.001
157,1396,7/1/08,small_business,55,0.055
158,1526,7/1/08,vacation,8,0.008
159,1657,7/1/08,wedding,19,0.019
160,15,8/1/08,car,61,0.061
161,151,8/1/08,credit_card,65,0.065
162,288,8/1/08,debt_consolidation,136,0.136
163,425,8/1/08,educational,96,0.096
164,504,8/1/08,home_improvement,20,0.02
165,635,8/1/08,house,3,0.003
166,755,8/1/08,major_purchase,1,0.001
167,890,8/1/08,medical,32,0.032
168,1025,8/1/08,moving,37,0.037
169,1162,8/1/08,other,724,0.724
170,1397,8/1/08,small_business,71,0.071
171,1527,8/1/08,vacation,6,0.006
172,1658,8/1/08,wedding,13,0.013
173,16,9/1/08,car,70,0.07
174,152,9/1/08,credit_card,78,0.078
175,289,9/1/08,debt_consolidation,114,0.114
176,426,9/1/08,educational,66,0.066
177,505,9/1/08,home_improvement,12,0.012
178,636,9/1/08,house,4,0.004
179,756,9/1/08,major_purchase,1,0.001
180,891,9/1/08,medical,31,0.031
181,1026,9/1/08,moving,18,0.018
182,1163,9/1/08,other,537,0.537
183,1398,9/1/08,small_business,59,0.059
184,1528,9/1/08,vacation,2,0.002
185,1659,9/1/08,wedding,14,0.014
186,17,10/1/08,car,121,0.121
187,153,10/1/08,credit_card,106,0.106
188,290,10/1/08,debt_consolidation,230,0.23
189,427,10/1/08,educational,196,0.196
190,506,10/1/08,home_improvement,39,0.039
191,637,10/1/08,house,6,0.006
192,892,10/1/08,medical,50,0.05
193,1027,10/1/08,moving,39,0.039
194,1164,10/1/08,other,1389,1.389
195,1399,10/1/08,small_business,112,0.112
196,1529,10/1/08,vacation,5,0.005
197,1660,10/1/08,wedding,18,0.018
198,18,11/1/08,car,177,0.177
199,154,11/1/08,credit_card,127,0.127
200,291,11/1/08,debt_consolidation,369,0.369
201,428,11/1/08,educational,220,0.22
202,507,11/1/08,home_improvement,25,0.025
203,638,11/1/08,house,12,0.012
204,757,11/1/08,major_purchase,1,0.001
205,893,11/1/08,medical,73,0.073
206,1028,11/1/08,moving,49,0.049
207,1165,11/1/08,other,2010,2.01
208,1285,11/1/08,renewable_energy,1,0.001
209,1400,11/1/08,small_business,183,0.183
210,1530,11/1/08,vacation,10,0.01
211,1661,11/1/08,wedding,38,0.038
212,19,12/1/08,car,169,0.169
213,155,12/1/08,credit_card,127,0.127
214,292,12/1/08,debt_consolidation,350,0.35
215,429,12/1/08,educational,185,0.185
216,508,12/1/08,home_improvement,24,0.024
217,639,12/1/08,house,13,0.013
218,758,12/1/08,major_purchase,2,0.002
219,894,12/1/08,medical,59,0.059
220,1029,12/1/08,moving,47,0.047
221,1166,12/1/08,other,2065,2.065
222,1401,12/1/08,small_business,160,0.16
223,1531,12/1/08,vacation,8,0.008
224,1662,12/1/08,wedding,29,0.029
225,20,1/1/09,car,172,0.172
226,156,1/1/09,credit_card,156,0.156
227,293,1/1/09,debt_consolidation,275,0.275
228,430,1/1/09,educational,210,0.21
229,509,1/1/09,home_improvement,40,0.04
230,640,1/1/09,house,5,0.005
231,759,1/1/09,major_purchase,2,0.002
232,895,1/1/09,medical,55,0.055
233,1030,1/1/09,moving,44,0.044
234,1167,1/1/09,other,1940,1.94
235,1402,1/1/09,small_business,152,0.152
236,1532,1/1/09,vacation,10,0.01
237,1663,1/1/09,wedding,35,0.035
238,21,2/1/09,car,162,0.162
239,157,2/1/09,credit_card,94,0.094
240,294,2/1/09,debt_consolidation,257,0.257
241,431,2/1/09,educational,123,0.123
242,510,2/1/09,home_improvement,26,0.026
243,641,2/1/09,house,19,0.019
244,760,2/1/09,major_purchase,1,0.001
245,896,2/1/09,medical,44,0.044
246,1031,2/1/09,moving,32,0.032
247,1168,2/1/09,other,1729,1.729
248,1403,2/1/09,small_business,135,0.135
249,1533,2/1/09,vacation,4,0.004
250,1664,2/1/09,wedding,31,0.031
251,22,3/1/09,car,358,0.358
252,158,3/1/09,credit_card,133,0.133
253,295,3/1/09,debt_consolidation,341,0.341
254,432,3/1/09,educational,172,0.172
255,511,3/1/09,home_improvement,40,0.04
256,642,3/1/09,house,19,0.019
257,761,3/1/09,major_purchase,3,0.003
258,897,3/1/09,medical,68,0.068
259,1032,3/1/09,moving,59,0.059
260,1169,3/1/09,other,2967,2.967
261,1404,3/1/09,small_business,166,0.166
262,1534,3/1/09,vacation,16,0.016
263,1665,3/1/09,wedding,40,0.04
264,23,4/1/09,car,362,0.362
265,159,4/1/09,credit_card,154,0.154
266,296,4/1/09,debt_consolidation,369,0.369
267,433,4/1/09,educational,902,0.902
268,512,4/1/09,home_improvement,51,0.051
269,643,4/1/09,house,18,0.018
270,762,4/1/09,major_purchase,2,0.002
271,898,4/1/09,medical,103,0.103
272,1033,4/1/09,moving,72,0.072
273,1170,4/1/09,other,3404,3.404
274,1405,4/1/09,small_business,184,0.184
275,1535,4/1/09,vacation,11,0.011
276,1666,4/1/09,wedding,68,0.068
277,24,5/1/09,car,378,0.378
278,160,5/1/09,credit_card,152,0.152
279,297,5/1/09,debt_consolidation,428,0.428
280,434,5/1/09,educational,1894,1.894
281,513,5/1/09,home_improvement,59,0.059
282,644,5/1/09,house,15,0.015
283,763,5/1/09,major_purchase,2,0.002
284,899,5/1/09,medical,97,0.097
285,1034,5/1/09,moving,73,0.073
286,1171,5/1/09,other,3257,3.257
287,1406,5/1/09,small_business,173,0.173
288,1536,5/1/09,vacation,14,0.014
289,1667,5/1/09,wedding,65,0.065
290,25,6/1/09,car,388,0.388
291,161,6/1/09,credit_card,131,0.131
292,298,6/1/09,debt_consolidation,433,0.433
293,435,6/1/09,educational,2832,2.832
294,514,6/1/09,home_improvement,48,0.048
295,645,6/1/09,house,23,0.023
296,764,6/1/09,major_purchase,6,0.006
297,900,6/1/09,medical,121,0.121
298,1035,6/1/09,moving,92,0.092
299,1172,6/1/09,other,3091,3.091
300,1407,6/1/09,small_business,182,0.182
301,1537,6/1/09,vacation,16,0.016
302,1668,6/1/09,wedding,60,0.06
303,26,7/1/09,car,313,0.313
304,162,7/1/09,credit_card,135,0.135
305,299,7/1/09,debt_consolidation,463,0.463
306,436,7/1/09,educational,1119,1.119
307,515,7/1/09,home_improvement,64,0.064
308,646,7/1/09,house,20,0.02
309,765,7/1/09,major_purchase,1,0.001
310,901,7/1/09,medical,118,0.118
311,1036,7/1/09,moving,95,0.095
312,1173,7/1/09,other,3009,3.009
313,1286,7/1/09,renewable_energy,1,0.001
314,1408,7/1/09,small_business,151,0.151
315,1538,7/1/09,vacation,20,0.02
316,1669,7/1/09,wedding,62,0.062
317,27,8/1/09,car,246,0.246
318,163,8/1/09,credit_card,193,0.193
319,300,8/1/09,debt_consolidation,417,0.417
320,437,8/1/09,educational,362,0.362
321,516,8/1/09,home_improvement,46,0.046
322,647,8/1/09,house,17,0.017
323,766,8/1/09,major_purchase,3,0.003
324,902,8/1/09,medical,78,0.078
325,1037,8/1/09,moving,67,0.067
326,1174,8/1/09,other,2546,2.546
327,1409,8/1/09,small_business,169,0.169
328,1539,8/1/09,vacation,10,0.01
329,1670,8/1/09,wedding,47,0.047
330,28,9/1/09,car,336,0.336
331,164,9/1/09,credit_card,225,0.225
332,301,9/1/09,debt_consolidation,544,0.544
333,438,9/1/09,educational,260,0.26
334,517,9/1/09,home_improvement,59,0.059
335,648,9/1/09,house,23,0.023
336,767,9/1/09,major_purchase,4,0.004
337,903,9/1/09,medical,92,0.092
338,1038,9/1/09,moving,61,0.061
339,1175,9/1/09,other,3265,3.265
340,1410,9/1/09,small_business,179,0.179
341,1540,9/1/09,vacation,14,0.014
342,1671,9/1/09,wedding,60,0.06
343,29,10/1/09,car,124,0.124
344,165,10/1/09,credit_card,228,0.228
345,302,10/1/09,debt_consolidation,943,0.943
346,439,10/1/09,educational,201,0.201
347,518,10/1/09,home_improvement,129,0.129
348,649,10/1/09,house,36,0.036
349,768,10/1/09,major_purchase,94,0.094
350,904,10/1/09,medical,94,0.094
351,1039,10/1/09,moving,60,0.06
352,1176,10/1/09,other,1821,1.821
353,1287,10/1/09,renewable_energy,2,0.002
354,1411,10/1/09,small_business,289,0.289
355,1541,10/1/09,vacation,22,0.022
356,1672,10/1/09,wedding,71,0.071
357,30,11/1/09,car,143,0.143
358,166,11/1/09,credit_card,263,0.263
359,303,11/1/09,debt_consolidation,1083,1.083
360,440,11/1/09,educational,139,0.139
361,519,11/1/09,home_improvement,137,0.137
362,650,11/1/09,house,38,0.038
363,769,11/1/09,major_purchase,95,0.095
364,905,11/1/09,medical,114,0.114
365,1040,11/1/09,moving,65,0.065
366,1177,11/1/09,other,1515,1.515
367,1288,11/1/09,renewable_energy,4,0.004
368,1412,11/1/09,small_business,302,0.302
369,1542,11/1/09,vacation,14,0.014
370,1673,11/1/09,wedding,53,0.053
371,31,12/1/09,car,126,0.126
372,167,12/1/09,credit_card,219,0.219
373,304,12/1/09,debt_consolidation,939,0.939
374,441,12/1/09,educational,165,0.165
375,520,12/1/09,home_improvement,108,0.108
376,651,12/1/09,house,34,0.034
377,770,12/1/09,major_purchase,116,0.116
378,906,12/1/09,medical,132,0.132
379,1041,12/1/09,moving,52,0.052
380,1178,12/1/09,other,1903,1.903
381,1289,12/1/09,renewable_energy,4,0.004
382,1413,12/1/09,small_business,267,0.267
383,1543,12/1/09,vacation,23,0.023
384,1674,12/1/09,wedding,65,0.065
385,32,1/1/10,car,144,0.144
386,168,1/1/10,credit_card,323,0.323
387,305,1/1/10,debt_consolidation,1132,1.132
388,442,1/1/10,educational,172,0.172
389,521,1/1/10,home_improvement,119,0.119
390,652,1/1/10,house,50,0.05
391,771,1/1/10,major_purchase,109,0.109
392,907,1/1/10,medical,111,0.111
393,1042,1/1/10,moving,47,0.047
394,1179,1/1/10,other,2327,2.327
395,1290,1/1/10,renewable_energy,3,0.003
396,1414,1/1/10,small_business,271,0.271
397,1544,1/1/10,vacation,26,0.026
398,1675,1/1/10,wedding,79,0.079
399,33,2/1/10,car,147,0.147
400,169,2/1/10,credit_card,326,0.326
401,306,2/1/10,debt_consolidation,1175,1.175
402,443,2/1/10,educational,152,0.152
403,522,2/1/10,home_improvement,143,0.143
404,653,2/1/10,house,61,0.061
405,772,2/1/10,major_purchase,111,0.111
406,908,2/1/10,medical,115,0.115
407,1043,2/1/10,moving,59,0.059
408,1180,2/1/10,other,2201,2.201
409,1291,2/1/10,renewable_energy,6,0.006
410,1415,2/1/10,small_business,279,0.279
411,1545,2/1/10,vacation,29,0.029
412,1676,2/1/10,wedding,75,0.075
413,34,3/1/10,car,259,0.259
414,170,3/1/10,credit_card,552,0.552
415,307,3/1/10,debt_consolidation,2481,2.481
416,444,3/1/10,educational,275,0.275
417,523,3/1/10,home_improvement,355,0.355
418,654,3/1/10,house,89,0.089
419,773,3/1/10,major_purchase,388,0.388
420,909,3/1/10,medical,164,0.164
421,1044,3/1/10,moving,89,0.089
422,1181,3/1/10,other,1362,1.362
423,1292,3/1/10,renewable_energy,7,0.007
424,1416,3/1/10,small_business,366,0.366
425,1546,3/1/10,vacation,35,0.035
426,1677,3/1/10,wedding,118,0.118
427,35,4/1/10,car,304,0.304
428,171,4/1/10,credit_card,482,0.482
429,308,4/1/10,debt_consolidation,2523,2.523
430,445,4/1/10,educational,277,0.277
431,524,4/1/10,home_improvement,405,0.405
432,655,4/1/10,house,119,0.119
433,774,4/1/10,major_purchase,466,0.466
434,910,4/1/10,medical,182,0.182
435,1045,4/1/10,moving,192,0.192
436,1182,4/1/10,other,1151,1.151
437,1293,4/1/10,renewable_energy,21,0.021
438,1417,4/1/10,small_business,379,0.379
439,1547,4/1/10,vacation,93,0.093
440,1678,4/1/10,wedding,124,0.124
441,36,5/1/10,car,515,0.515
442,172,5/1/10,credit_card,702,0.702
443,309,5/1/10,debt_consolidation,3362,3.362
444,446,5/1/10,educational,197,0.197
445,525,5/1/10,home_improvement,586,0.586
446,656,5/1/10,house,184,0.184
447,775,5/1/10,major_purchase,629,0.629
448,911,5/1/10,medical,269,0.269
449,1046,5/1/10,moving,314,0.314
450,1183,5/1/10,other,1326,1.326
451,1294,5/1/10,renewable_energy,57,0.057
452,1418,5/1/10,small_business,609,0.609
453,1548,5/1/10,vacation,175,0.175
454,1679,5/1/10,wedding,187,0.187
455,37,6/1/10,car,466,0.466
456,173,6/1/10,credit_card,586,0.586
457,310,6/1/10,debt_consolidation,3232,3.232
458,447,6/1/10,educational,167,0.167
459,526,6/1/10,home_improvement,685,0.685
460,657,6/1/10,house,163,0.163
461,776,6/1/10,major_purchase,1229,1.229
462,912,6/1/10,medical,317,0.317
463,1047,6/1/10,moving,359,0.359
464,1184,6/1/10,other,2842,2.842
465,1295,6/1/10,renewable_energy,47,0.047
466,1419,6/1/10,small_business,548,0.548
467,1549,6/1/10,vacation,261,0.261
468,1680,6/1/10,wedding,219,0.219
469,38,7/1/10,car,982,0.982
470,174,7/1/10,credit_card,770,0.77
471,311,7/1/10,debt_consolidation,3437,3.437
472,448,7/1/10,educational,198,0.198
473,527,7/1/10,home_improvement,657,0.657
474,658,7/1/10,house,183,0.183
475,777,7/1/10,major_purchase,1052,1.052
476,913,7/1/10,medical,327,0.327
477,1048,7/1/10,moving,400,0.4
478,1185,7/1/10,other,2679,2.679
479,1296,7/1/10,renewable_energy,68,0.068
480,1420,7/1/10,small_business,556,0.556
481,1550,7/1/10,vacation,273,0.273
482,1681,7/1/10,wedding,192,0.192
483,39,8/1/10,car,985,0.985
484,175,8/1/10,credit_card,623,0.623
485,312,8/1/10,debt_consolidation,3652,3.652
486,449,8/1/10,educational,211,0.211
487,528,8/1/10,home_improvement,677,0.677
488,659,8/1/10,house,199,0.199
489,778,8/1/10,major_purchase,696,0.696
490,914,8/1/10,medical,296,0.296
491,1049,8/1/10,moving,406,0.406
492,1186,8/1/10,other,2507,2.507
493,1297,8/1/10,renewable_energy,65,0.065
494,1421,8/1/10,small_business,611,0.611
495,1551,8/1/10,vacation,225,0.225
496,1682,8/1/10,wedding,212,0.212
497,40,9/1/10,car,1023,1.023
498,176,9/1/10,credit_card,730,0.73
499,313,9/1/10,debt_consolidation,3949,3.949
500,450,9/1/10,educational,186,0.186
501,529,9/1/10,home_improvement,700,0.7
502,660,9/1/10,house,218,0.218
503,779,9/1/10,major_purchase,620,0.62
504,915,9/1/10,medical,337,0.337
505,1050,9/1/10,moving,351,0.351
506,1187,9/1/10,other,1750,1.75
507,1298,9/1/10,renewable_energy,80,0.08
508,1422,9/1/10,small_business,812,0.812
509,1552,9/1/10,vacation,211,0.211
510,1683,9/1/10,wedding,273,0.273
511,41,10/1/10,car,982,0.982
512,177,10/1/10,credit_card,822,0.822
513,314,10/1/10,debt_consolidation,4208,4.208
514,451,10/1/10,educational,6,0.006
515,530,10/1/10,home_improvement,731,0.731
516,661,10/1/10,house,224,0.224
517,780,10/1/10,major_purchase,761,0.761
518,916,10/1/10,medical,384,0.384
519,1051,10/1/10,moving,401,0.401
520,1188,10/1/10,other,1420,1.42
521,1299,10/1/10,renewable_energy,94,0.094
522,1423,10/1/10,small_business,746,0.746
523,1553,10/1/10,vacation,194,0.194
524,1684,10/1/10,wedding,250,0.25
525,42,11/1/10,car,1047,1.047
526,178,11/1/10,credit_card,843,0.843
527,315,11/1/10,debt_consolidation,4365,4.365
528,452,11/1/10,educational,9,0.009
529,531,11/1/10,home_improvement,783,0.783
530,662,11/1/10,house,214,0.214
531,781,11/1/10,major_purchase,785,0.785
532,917,11/1/10,medical,445,0.445
533,1052,11/1/10,moving,431,0.431
534,1189,11/1/10,other,1470,1.47
535,1300,11/1/10,renewable_energy,98,0.098
536,1424,11/1/10,small_business,787,0.787
537,1554,11/1/10,vacation,254,0.254
538,1685,11/1/10,wedding,250,0.25
539,43,12/1/10,car,1192,1.192
540,179,12/1/10,credit_card,925,0.925
541,316,12/1/10,debt_consolidation,4145,4.145
542,453,12/1/10,educational,3,0.003
543,532,12/1/10,home_improvement,692,0.692
544,663,12/1/10,house,235,0.235
545,782,12/1/10,major_purchase,865,0.865
546,918,12/1/10,medical,445,0.445
547,1053,12/1/10,moving,425,0.425
548,1190,12/1/10,other,1426,1.426
549,1301,12/1/10,renewable_energy,128,0.128
550,1425,12/1/10,small_business,836,0.836
551,1555,12/1/10,vacation,273,0.273
552,1686,12/1/10,wedding,305,0.305
553,44,1/1/11,car,1499,1.499
554,180,1/1/11,credit_card,1386,1.386
555,317,1/1/11,debt_consolidation,5026,5.026
556,454,1/1/11,educational,4,0.004
557,533,1/1/11,home_improvement,731,0.731
558,664,1/1/11,house,281,0.281
559,783,1/1/11,major_purchase,900,0.9
560,919,1/1/11,medical,401,0.401
561,1054,1/1/11,moving,347,0.347
562,1191,1/1/11,other,1492,1.492
563,1302,1/1/11,renewable_energy,98,0.098
564,1426,1/1/11,small_business,1001,1.001
565,1556,1/1/11,vacation,192,0.192
566,1687,1/1/11,wedding,365,0.365
567,45,2/1/11,car,1588,1.588
568,181,2/1/11,credit_card,941,0.941
569,318,2/1/11,debt_consolidation,4045,4.045
570,455,2/1/11,educational,6,0.006
571,534,2/1/11,home_improvement,740,0.74
572,665,2/1/11,house,232,0.232
573,784,2/1/11,major_purchase,825,0.825
574,920,2/1/11,medical,351,0.351
575,1055,2/1/11,moving,251,0.251
576,1192,2/1/11,other,4430,4.43
577,1303,2/1/11,renewable_energy,69,0.069
578,1427,2/1/11,small_business,865,0.865
579,1557,2/1/11,vacation,141,0.141
580,1688,2/1/11,wedding,232,0.232
581,46,3/1/11,car,1864,1.864
582,182,3/1/11,credit_card,900,0.9
583,319,3/1/11,debt_consolidation,4873,4.873
584,535,3/1/11,home_improvement,1147,1.147
585,666,3/1/11,house,318,0.318
586,785,3/1/11,major_purchase,1311,1.311
587,921,3/1/11,medical,467,0.467
588,1056,3/1/11,moving,343,0.343
589,1193,3/1/11,other,4925,4.925
590,1304,3/1/11,renewable_energy,79,0.079
591,1428,3/1/11,small_business,1135,1.135
592,1558,3/1/11,vacation,230,0.23
593,1689,3/1/11,wedding,374,0.374
594,47,4/1/11,car,2052,2.052
595,183,4/1/11,credit_card,994,0.994
596,320,4/1/11,debt_consolidation,5455,5.455
597,456,4/1/11,educational,8,0.008
598,536,4/1/11,home_improvement,1543,1.543
599,667,4/1/11,house,466,0.466
600,786,4/1/11,major_purchase,1489,1.489
601,922,4/1/11,medical,631,0.631
602,1057,4/1/11,moving,585,0.585
603,1194,4/1/11,other,2029,2.029
604,1305,4/1/11,renewable_energy,136,0.136
605,1429,4/1/11,small_business,1429,1.429
606,1559,4/1/11,vacation,318,0.318
607,1690,4/1/11,wedding,452,0.452
608,48,5/1/11,car,713,0.713
609,184,5/1/11,credit_card,297,0.297
610,321,5/1/11,debt_consolidation,1910,1.91
611,457,5/1/11,educational,4,0.004
612,537,5/1/11,home_improvement,652,0.652
613,668,5/1/11,house,103,0.103
614,787,5/1/11,major_purchase,486,0.486
615,923,5/1/11,medical,171,0.171
616,1058,5/1/11,moving,166,0.166
617,1195,5/1/11,other,1177,1.177
618,1306,5/1/11,renewable_energy,17,0.017
619,1430,5/1/11,small_business,466,0.466
620,1560,5/1/11,vacation,93,0.093
621,1691,5/1/11,wedding,125,0.125
622,49,6/1/11,car,1816,1.816
623,185,6/1/11,credit_card,930,0.93
624,322,6/1/11,debt_consolidation,6320,6.32
625,458,6/1/11,educational,11,0.011
626,538,6/1/11,home_improvement,2211,2.211
627,669,6/1/11,house,385,0.385
628,788,6/1/11,major_purchase,1288,1.288
629,924,6/1/11,medical,713,0.713
630,1059,6/1/11,moving,794,0.794
631,1196,6/1/11,other,3712,3.712
632,1307,6/1/11,renewable_energy,91,0.091
633,1431,6/1/11,small_business,1285,1.285
634,1561,6/1/11,vacation,481,0.481
635,1692,6/1/11,wedding,561,0.561
636,50,7/1/11,car,1771,1.771
637,186,7/1/11,credit_card,1099,1.099
638,323,7/1/11,debt_consolidation,6945,6.945
639,459,7/1/11,educational,12,0.012
640,539,7/1/11,home_improvement,2433,2.433
641,670,7/1/11,house,445,0.445
642,789,7/1/11,major_purchase,1380,1.38
643,925,7/1/11,medical,711,0.711
644,1060,7/1/11,moving,865,0.865
645,1197,7/1/11,other,4092,4.092
646,1308,7/1/11,renewable_energy,93,0.093
647,1432,7/1/11,small_business,1304,1.304
648,1562,7/1/11,vacation,425,0.425
649,1693,7/1/11,wedding,567,0.567
650,51,8/1/11,car,1746,1.746
651,187,8/1/11,credit_card,1199,1.199
652,324,8/1/11,debt_consolidation,7793,7.793
653,460,8/1/11,educational,10,0.01
654,540,8/1/11,home_improvement,1317,1.317
655,671,8/1/11,house,418,0.418
656,790,8/1/11,major_purchase,1119,1.119
657,926,8/1/11,medical,597,0.597
658,1061,8/1/11,moving,705,0.705
659,1198,8/1/11,other,4040,4.04
660,1309,8/1/11,renewable_energy,84,0.084
661,1433,8/1/11,small_business,1460,1.46
662,1563,8/1/11,vacation,321,0.321
663,1694,8/1/11,wedding,489,0.489
664,52,9/1/11,car,1671,1.671
665,188,9/1/11,credit_card,1445,1.445
666,325,9/1/11,debt_consolidation,7822,7.822
667,461,9/1/11,educational,12,0.012
668,541,9/1/11,home_improvement,1314,1.314
669,672,9/1/11,house,464,0.464
670,791,9/1/11,major_purchase,1031,1.031
671,927,9/1/11,medical,625,0.625
672,1062,9/1/11,moving,623,0.623
673,1199,9/1/11,other,3576,3.576
674,1310,9/1/11,renewable_energy,115,0.115
675,1434,9/1/11,small_business,1405,1.405
676,1564,9/1/11,vacation,269,0.269
677,1695,9/1/11,wedding,442,0.442
678,53,10/1/11,car,1566,1.566
679,189,10/1/11,credit_card,1183,1.183
680,326,10/1/11,debt_consolidation,7234,7.234
681,462,10/1/11,educational,18,0.018
682,542,10/1/11,home_improvement,1148,1.148
683,673,10/1/11,house,503,0.503
684,792,10/1/11,major_purchase,845,0.845
685,928,10/1/11,medical,648,0.648
686,1063,10/1/11,moving,587,0.587
687,1200,10/1/11,other,3543,3.543
688,1311,10/1/11,renewable_energy,93,0.093
689,1435,10/1/11,small_business,1458,1.458
690,1565,10/1/11,vacation,257,0.257
691,1696,10/1/11,wedding,413,0.413
692,54,11/1/11,car,1669,1.669
693,190,11/1/11,credit_card,1648,1.648
694,327,11/1/11,debt_consolidation,9093,9.093
695,463,11/1/11,educational,18,0.018
696,543,11/1/11,home_improvement,1254,1.254
697,674,11/1/11,house,549,0.549
698,793,11/1/11,major_purchase,1025,1.025
699,929,11/1/11,medical,830,0.83
700,1064,11/1/11,moving,753,0.753
701,1201,11/1/11,other,4619,4.619
702,1312,11/1/11,renewable_energy,140,0.14
703,1436,11/1/11,small_business,1646,1.646
704,1566,11/1/11,vacation,334,0.334
705,1697,11/1/11,wedding,449,0.449
706,55,12/1/11,car,1392,1.392
707,191,12/1/11,credit_card,1921,1.921
708,328,12/1/11,debt_consolidation,7360,7.36
709,464,12/1/11,educational,16,0.016
710,544,12/1/11,home_improvement,886,0.886
711,675,12/1/11,house,342,0.342
712,794,12/1/11,major_purchase,726,0.726
713,930,12/1/11,medical,584,0.584
714,1065,12/1/11,moving,473,0.473
715,1202,12/1/11,other,3253,3.253
716,1313,12/1/11,renewable_energy,125,0.125
717,1437,12/1/11,small_business,1449,1.449
718,1567,12/1/11,vacation,215,0.215
719,1698,12/1/11,wedding,303,0.303
720,56,1/1/12,car,1390,1.39
721,192,1/1/12,credit_card,2120,2.12
722,329,1/1/12,debt_consolidation,8738,8.738
723,465,1/1/12,educational,10,0.01
724,545,1/1/12,home_improvement,924,0.924
725,676,1/1/12,house,365,0.365
726,795,1/1/12,major_purchase,727,0.727
727,931,1/1/12,medical,465,0.465
728,1066,1/1/12,moving,304,0.304
729,1203,1/1/12,other,2799,2.799
730,1314,1/1/12,renewable_energy,76,0.076
731,1438,1/1/12,small_business,1433,1.433
732,1568,1/1/12,vacation,147,0.147
733,1699,1/1/12,wedding,257,0.257
734,57,2/1/12,car,1390,1.39
735,193,2/1/12,credit_card,1541,1.541
736,330,2/1/12,debt_consolidation,6283,6.283
737,466,2/1/12,educational,5,0.005
738,546,2/1/12,home_improvement,860,0.86
739,677,2/1/12,house,288,0.288
740,796,2/1/12,major_purchase,640,0.64
741,932,2/1/12,medical,294,0.294
742,1067,2/1/12,moving,163,0.163
743,1204,2/1/12,other,2048,2.048
744,1315,2/1/12,renewable_energy,52,0.052
745,1439,2/1/12,small_business,1191,1.191
746,1569,2/1/12,vacation,108,0.108
747,1700,2/1/12,wedding,200,0.2
748,58,3/1/12,car,1677,1.677
749,194,3/1/12,credit_card,1680,1.68
750,331,3/1/12,debt_consolidation,8088,8.088
751,467,3/1/12,educational,18,0.018
752,547,3/1/12,home_improvement,1769,1.769
753,678,3/1/12,house,537,0.537
754,797,3/1/12,major_purchase,1144,1.144
755,933,3/1/12,medical,504,0.504
756,1068,3/1/12,moving,391,0.391
757,1205,3/1/12,other,3641,3.641
758,1316,3/1/12,renewable_energy,61,0.061
759,1440,3/1/12,small_business,1479,1.479
760,1570,3/1/12,vacation,248,0.248
761,1701,3/1/12,wedding,401,0.401
762,59,4/1/12,car,1297,1.297
763,195,4/1/12,credit_card,2196,2.196
764,332,4/1/12,debt_consolidation,9643,9.643
765,468,4/1/12,educational,30,0.03
766,548,4/1/12,home_improvement,1973,1.973
767,679,4/1/12,house,499,0.499
768,798,4/1/12,major_purchase,1521,1.521
769,934,4/1/12,medical,579,0.579
770,1069,4/1/12,moving,528,0.528
771,1206,4/1/12,other,4260,4.26
772,1317,4/1/12,renewable_energy,73,0.073
773,1441,4/1/12,small_business,1523,1.523
774,1571,4/1/12,vacation,285,0.285
775,1702,4/1/12,wedding,463,0.463
776,60,5/1/12,car,1639,1.639
777,196,5/1/12,credit_card,2208,2.208
778,333,5/1/12,debt_consolidation,10252,10.252
779,469,5/1/12,educational,35,0.035
780,549,5/1/12,home_improvement,2163,2.163
781,680,5/1/12,house,506,0.506
782,799,5/1/12,major_purchase,1459,1.459
783,935,5/1/12,medical,626,0.626
784,1070,5/1/12,moving,593,0.593
785,1207,5/1/12,other,3917,3.917
786,1318,5/1/12,renewable_energy,77,0.077
787,1442,5/1/12,small_business,1572,1.572
788,1572,5/1/12,vacation,366,0.366
789,1703,5/1/12,wedding,462,0.462
790,61,6/1/12,car,1295,1.295
791,197,6/1/12,credit_card,2566,2.566
792,334,6/1/12,debt_consolidation,11194,11.194
793,470,6/1/12,educational,35,0.035
794,550,6/1/12,home_improvement,2147,2.147
795,681,6/1/12,house,587,0.587
796,800,6/1/12,major_purchase,1413,1.413
797,936,6/1/12,medical,650,0.65
798,1071,6/1/12,moving,634,0.634
799,1208,6/1/12,other,3879,3.879
800,1319,6/1/12,renewable_energy,90,0.09
801,1443,6/1/12,small_business,1554,1.554
802,1573,6/1/12,vacation,415,0.415
803,1704,6/1/12,wedding,422,0.422
804,62,7/1/12,car,1421,1.421
805,198,7/1/12,credit_card,2461,2.461
806,335,7/1/12,debt_consolidation,12048,12.048
807,471,7/1/12,educational,34,0.034
808,551,7/1/12,home_improvement,2060,2.06
809,682,7/1/12,house,672,0.672
810,801,7/1/12,major_purchase,1559,1.559
811,937,7/1/12,medical,818,0.818
812,1072,7/1/12,moving,798,0.798
813,1209,7/1/12,other,4576,4.576
814,1320,7/1/12,renewable_energy,88,0.088
815,1444,7/1/12,small_business,1663,1.663
816,1574,7/1/12,vacation,471,0.471
817,1705,7/1/12,wedding,569,0.569
818,63,8/1/12,car,1335,1.335
819,199,8/1/12,credit_card,2723,2.723
820,336,8/1/12,debt_consolidation,12177,12.177
821,472,8/1/12,educational,24,0.024
822,552,8/1/12,home_improvement,1752,1.752
823,683,8/1/12,house,582,0.582
824,802,8/1/12,major_purchase,1486,1.486
825,938,8/1/12,medical,760,0.76
826,1073,8/1/12,moving,793,0.793
827,1210,8/1/12,other,4558,4.558
828,1321,8/1/12,renewable_energy,113,0.113
829,1445,8/1/12,small_business,1586,1.586
830,1575,8/1/12,vacation,599,0.599
831,1706,8/1/12,wedding,469,0.469
832,64,9/1/12,car,1460,1.46
833,200,9/1/12,credit_card,3181,3.181
834,337,9/1/12,debt_consolidation,14463,14.463
835,473,9/1/12,educational,29,0.029
836,553,9/1/12,home_improvement,1807,1.807
837,684,9/1/12,house,712,0.712
838,803,9/1/12,major_purchase,1385,1.385
839,939,9/1/12,medical,1041,1.041
840,1074,9/1/12,moving,955,0.955
841,1211,9/1/12,other,5163,5.163
842,1322,9/1/12,renewable_energy,167,0.167
843,1446,9/1/12,small_business,1609,1.609
844,1576,9/1/12,vacation,385,0.385
845,1707,9/1/12,wedding,503,0.503
846,65,10/1/12,car,1501,1.501
847,201,10/1/12,credit_card,4174,4.174
848,338,10/1/12,debt_consolidation,18187,18.187
849,474,10/1/12,educational,26,0.026
850,554,10/1/12,home_improvement,1905,1.905
851,685,10/1/12,house,661,0.661
852,804,10/1/12,major_purchase,1429,1.429
853,940,10/1/12,medical,1078,1.078
854,1075,10/1/12,moving,979,0.979
855,1212,10/1/12,other,6503,6.503
856,1323,10/1/12,renewable_energy,199,0.199
857,1447,10/1/12,small_business,1843,1.843
858,1577,10/1/12,vacation,420,0.42
859,1708,10/1/12,wedding,527,0.527
860,66,11/1/12,car,1162,1.162
861,202,11/1/12,credit_card,4875,4.875
862,339,11/1/12,debt_consolidation,16295,16.295
863,475,11/1/12,educational,26,0.026
864,555,11/1/12,home_improvement,1824,1.824
865,686,11/1/12,house,633,0.633
866,805,11/1/12,major_purchase,1292,1.292
867,941,11/1/12,medical,1029,1.029
868,1076,11/1/12,moving,899,0.899
869,1213,11/1/12,other,5717,5.717
870,1324,11/1/12,renewable_energy,181,0.181
871,1448,11/1/12,small_business,1686,1.686
872,1578,11/1/12,vacation,388,0.388
873,1709,11/1/12,wedding,480,0.48
874,67,12/1/12,car,1100,1.1
875,203,12/1/12,credit_card,4490,4.49
876,340,12/1/12,debt_consolidation,15192,15.192
877,476,12/1/12,educational,31,0.031
878,556,12/1/12,home_improvement,1867,1.867
879,687,12/1/12,house,642,0.642
880,806,12/1/12,major_purchase,1587,1.587
881,942,12/1/12,medical,1058,1.058
882,1077,12/1/12,moving,946,0.946
883,1214,12/1/12,other,6580,6.58
884,1325,12/1/12,renewable_energy,164,0.164
885,1449,12/1/12,small_business,1684,1.684
886,1579,12/1/12,vacation,431,0.431
887,1710,12/1/12,wedding,449,0.449
888,68,1/1/13,car,1236,1.236
889,204,1/1/13,credit_card,6783,6.783
890,341,1/1/13,debt_consolidation,20308,20.308
891,477,1/1/13,educational,25,0.025
892,557,1/1/13,home_improvement,1931,1.931
893,688,1/1/13,house,627,0.627
894,807,1/1/13,major_purchase,1743,1.743
895,943,1/1/13,medical,969,0.969
896,1078,1/1/13,moving,777,0.777
897,1215,1/1/13,other,6663,6.663
898,1326,1/1/13,renewable_energy,97,0.097
899,1450,1/1/13,small_business,1907,1.907
900,1580,1/1/13,vacation,351,0.351
901,1711,1/1/13,wedding,458,0.458
902,69,2/1/13,car,1272,1.272
903,205,2/1/13,credit_card,5419,5.419
904,342,2/1/13,debt_consolidation,15432,15.432
905,478,2/1/13,educational,20,0.02
906,558,2/1/13,home_improvement,1863,1.863
907,689,2/1/13,house,532,0.532
908,808,2/1/13,major_purchase,1510,1.51
909,944,2/1/13,medical,756,0.756
910,1079,2/1/13,moving,631,0.631
911,1216,2/1/13,other,6315,6.315
912,1327,2/1/13,renewable_energy,71,0.071
913,1451,2/1/13,small_business,1537,1.537
914,1581,2/1/13,vacation,366,0.366
915,1712,2/1/13,wedding,418,0.418
916,70,3/1/13,car,1609,1.609
917,206,3/1/13,credit_card,6248,6.248
918,343,3/1/13,debt_consolidation,18928,18.928
919,479,3/1/13,educational,29,0.029
920,559,3/1/13,home_improvement,2458,2.458
921,690,3/1/13,house,675,0.675
922,809,3/1/13,major_purchase,1721,1.721
923,945,3/1/13,medical,893,0.893
924,1080,3/1/13,moving,876,0.876
925,1217,3/1/13,other,6593,6.593
926,1328,3/1/13,renewable_energy,99,0.099
927,1452,3/1/13,small_business,1860,1.86
928,1582,3/1/13,vacation,443,0.443
929,1713,3/1/13,wedding,513,0.513
930,71,4/1/13,car,1799,1.799
931,207,4/1/13,credit_card,7666,7.666
932,344,4/1/13,debt_consolidation,23093,23.093
933,480,4/1/13,educational,40,0.04
934,560,4/1/13,home_improvement,3259,3.259
935,691,4/1/13,house,729,0.729
936,810,4/1/13,major_purchase,2086,2.086
937,946,4/1/13,medical,1086,1.086
938,1081,4/1/13,moving,1206,1.206
939,1218,4/1/13,other,9796,9.796
940,1329,4/1/13,renewable_energy,113,0.113
941,1453,4/1/13,small_business,1906,1.906
942,1583,4/1/13,vacation,578,0.578
943,1714,4/1/13,wedding,770,0.77
944,72,5/1/13,car,1822,1.822
945,208,5/1/13,credit_card,8899,8.899
946,345,5/1/13,debt_consolidation,24938,24.938
947,481,5/1/13,educational,51,0.051
948,561,5/1/13,home_improvement,3495,3.495
949,692,5/1/13,house,758,0.758
950,811,5/1/13,major_purchase,2328,2.328
951,947,5/1/13,medical,1250,1.25
952,1082,5/1/13,moving,1354,1.354
953,1219,5/1/13,other,11233,11.233
954,1330,5/1/13,renewable_energy,125,0.125
955,1454,5/1/13,small_business,2167,2.167
956,1584,5/1/13,vacation,717,0.717
957,1715,5/1/13,wedding,713,0.713
958,73,6/1/13,car,1934,1.934
959,209,6/1/13,credit_card,8627,8.627
960,346,6/1/13,debt_consolidation,29113,29.113
961,482,6/1/13,educational,54,0.054
962,562,6/1/13,home_improvement,3965,3.965
963,693,6/1/13,house,808,0.808
964,812,6/1/13,major_purchase,2533,2.533
965,948,6/1/13,medical,1342,1.342
966,1083,6/1/13,moving,1610,1.61
967,1220,6/1/13,other,12996,12.996
968,1331,6/1/13,renewable_energy,131,0.131
969,1455,6/1/13,small_business,2147,2.147
970,1585,6/1/13,vacation,964,0.964
971,1716,6/1/13,wedding,752,0.752
972,74,7/1/13,car,2125,2.125
973,210,7/1/13,credit_card,8629,8.629
974,347,7/1/13,debt_consolidation,35033,35.033
975,483,7/1/13,educational,71,0.071
976,563,7/1/13,home_improvement,3761,3.761
977,694,7/1/13,house,770,0.77
978,813,7/1/13,major_purchase,3154,3.154
979,949,7/1/13,medical,1544,1.544
980,1084,7/1/13,moving,2014,2.014
981,1221,7/1/13,other,16396,16.396
982,1332,7/1/13,renewable_energy,113,0.113
983,1456,7/1/13,small_business,2134,2.134
984,1586,7/1/13,vacation,946,0.946
985,1717,7/1/13,wedding,867,0.867
986,75,8/1/13,car,2300,2.3
987,211,8/1/13,credit_card,8107,8.107
988,348,8/1/13,debt_consolidation,30417,30.417
989,484,8/1/13,educational,71,0.071
990,564,8/1/13,home_improvement,3585,3.585
991,695,8/1/13,house,865,0.865
992,814,8/1/13,major_purchase,3034,3.034
993,950,8/1/13,medical,1815,1.815
994,1085,8/1/13,moving,2272,2.272
995,1222,8/1/13,other,20491,20.491
996,1333,8/1/13,renewable_energy,135,0.135
997,1457,8/1/13,small_business,2477,2.477
998,1587,8/1/13,vacation,865,0.865
999,1718,8/1/13,wedding,938,0.938
1000,76,9/1/13,car,2448,2.448
1001,212,9/1/13,credit_card,10221,10.221
1002,349,9/1/13,debt_consolidation,34987,34.987
1003,485,9/1/13,educational,48,0.048
1004,565,9/1/13,home_improvement,3646,3.646
1005,696,9/1/13,house,867,0.867
1006,815,9/1/13,major_purchase,2972,2.972
1007,951,9/1/13,medical,1996,1.996
1008,1086,9/1/13,moving,2401,2.401
1009,1223,9/1/13,other,16718,16.718
1010,1334,9/1/13,renewable_energy,145,0.145
1011,1458,9/1/13,small_business,2879,2.879
1012,1588,9/1/13,vacation,857,0.857
1013,1719,9/1/13,wedding,426,0.426
1014,77,10/1/13,car,3029,3.029
1015,213,10/1/13,credit_card,13923,13.923
1016,350,10/1/13,debt_consolidation,44501,44.501
1017,486,10/1/13,educational,67,0.067
1018,566,10/1/13,home_improvement,4299,4.299
1019,697,10/1/13,house,987,0.987
1020,816,10/1/13,major_purchase,2928,2.928
1021,952,10/1/13,medical,2568,2.568
1022,1087,10/1/13,moving,2753,2.753
1023,1224,10/1/13,other,16201,16.201
1024,1335,10/1/13,renewable_energy,250,0.25
1025,1459,10/1/13,small_business,3449,3.449
1026,1589,10/1/13,vacation,1000,1
1027,1720,10/1/13,wedding,143,0.143
1028,78,11/1/13,car,1259,1.259
1029,214,11/1/13,credit_card,5314,5.314
1030,351,11/1/13,debt_consolidation,15042,15.042
1031,487,11/1/13,educational,55,0.055
1032,567,11/1/13,home_improvement,1778,1.778
1033,698,11/1/13,house,357,0.357
1034,817,11/1/13,major_purchase,1051,1.051
1035,953,11/1/13,medical,988,0.988
1036,1088,11/1/13,moving,896,0.896
1037,1225,11/1/13,other,7424,7.424
1038,1336,11/1/13,renewable_energy,68,0.068
1039,1460,11/1/13,small_business,1338,1.338
1040,1590,11/1/13,vacation,370,0.37
1041,1721,11/1/13,wedding,45,0.045
1042,79,12/1/13,car,3106,3.106
1043,215,12/1/13,credit_card,11428,11.428
1044,352,12/1/13,debt_consolidation,38639,38.639
1045,488,12/1/13,educational,49,0.049
1046,568,12/1/13,home_improvement,4058,4.058
1047,699,12/1/13,house,887,0.887
1048,818,12/1/13,major_purchase,3082,3.082
1049,954,12/1/13,medical,2938,2.938
1050,1089,12/1/13,moving,2667,2.667
1051,1226,12/1/13,other,17598,17.598
1052,1337,12/1/13,renewable_energy,220,0.22
1053,1461,12/1/13,small_business,3476,3.476
1054,1591,12/1/13,vacation,1139,1.139
1055,1722,12/1/13,wedding,117,0.117
1056,80,1/1/14,car,3487,3.487
1057,216,1/1/14,credit_card,16460,16.46
1058,353,1/1/14,debt_consolidation,50185,50.185
1059,489,1/1/14,educational,23,0.023
1060,569,1/1/14,home_improvement,5502,5.502
1061,700,1/1/14,house,1189,1.189
1062,819,1/1/14,major_purchase,3564,3.564
1063,955,1/1/14,medical,3589,3.589
1064,1090,1/1/14,moving,3264,3.264
1065,1227,1/1/14,other,16647,16.647
1066,1338,1/1/14,renewable_energy,197,0.197
1067,1462,1/1/14,small_business,4711,4.711
1068,1592,1/1/14,vacation,1108,1.108
1069,1723,1/1/14,wedding,137,0.137
1070,81,2/1/14,car,2971,2.971
1071,217,2/1/14,credit_card,16371,16.371
1072,354,2/1/14,debt_consolidation,46316,46.316
1073,570,2/1/14,home_improvement,4983,4.983
1074,701,2/1/14,house,1145,1.145
1075,820,2/1/14,major_purchase,2687,2.687
1076,956,2/1/14,medical,2766,2.766
1077,1091,2/1/14,moving,2056,2.056
1078,1228,2/1/14,other,9928,9.928
1079,1339,2/1/14,renewable_energy,176,0.176
1080,1463,2/1/14,small_business,4045,4.045
1081,1593,2/1/14,vacation,896,0.896
1082,1724,2/1/14,wedding,81,0.081
1083,82,3/1/14,car,5239,5.239
1084,218,3/1/14,credit_card,18660,18.66
1085,355,3/1/14,debt_consolidation,59692,59.692
1086,571,3/1/14,home_improvement,7068,7.068
1087,702,3/1/14,house,1689,1.689
1088,821,3/1/14,major_purchase,3852,3.852
1089,957,3/1/14,medical,4218,4.218
1090,1092,3/1/14,moving,3825,3.825
1091,1229,3/1/14,other,15223,15.223
1092,1340,3/1/14,renewable_energy,229,0.229
1093,1464,3/1/14,small_business,6133,6.133
1094,1594,3/1/14,vacation,1456,1.456
1095,1725,3/1/14,wedding,110,0.11
1096,83,4/1/14,car,5997,5.997
1097,219,4/1/14,credit_card,18868,18.868
1098,356,4/1/14,debt_consolidation,64140,64.14
1099,572,4/1/14,home_improvement,8206,8.206
1100,703,4/1/14,house,2051,2.051
1101,822,4/1/14,major_purchase,4553,4.553
1102,958,4/1/14,medical,4958,4.958
1103,1093,4/1/14,moving,5248,5.248
1104,1230,4/1/14,other,18730,18.73
1105,1341,4/1/14,renewable_energy,311,0.311
1106,1465,4/1/14,small_business,6770,6.77
1107,1595,4/1/14,vacation,1883,1.883
1108,1726,4/1/14,wedding,43,0.043
1109,84,5/1/14,car,6273,6.273
1110,220,5/1/14,credit_card,17953,17.953
1111,357,5/1/14,debt_consolidation,66610,66.61
1112,573,5/1/14,home_improvement,8716,8.716
1113,704,5/1/14,house,1926,1.926
1114,823,5/1/14,major_purchase,4839,4.839
1115,959,5/1/14,medical,5219,5.219
1116,1094,5/1/14,moving,5892,5.892
1117,1231,5/1/14,other,20009,20.009
1118,1342,5/1/14,renewable_energy,290,0.29
1119,1466,5/1/14,small_business,6658,6.658
1120,1596,5/1/14,vacation,2316,2.316
1121,85,6/1/14,car,7586,7.586
1122,221,6/1/14,credit_card,18665,18.665
1123,358,6/1/14,debt_consolidation,75992,75.992
1124,574,6/1/14,home_improvement,9044,9.044
1125,705,6/1/14,house,2280,2.28
1126,824,6/1/14,major_purchase,5374,5.374
1127,960,6/1/14,medical,5618,5.618
1128,1095,6/1/14,moving,7940,7.94
1129,1232,6/1/14,other,24585,24.585
1130,1343,6/1/14,renewable_energy,390,0.39
1131,1467,6/1/14,small_business,7356,7.356
1132,1597,6/1/14,vacation,3407,3.407
1133,86,7/1/14,car,10281,10.281
1134,222,7/1/14,credit_card,23586,23.586
1135,359,7/1/14,debt_consolidation,113302,113.302
1136,575,7/1/14,home_improvement,10920,10.92
1137,706,7/1/14,house,3363,3.363
1138,825,7/1/14,major_purchase,6756,6.756
1139,961,7/1/14,medical,7675,7.675
1140,1096,7/1/14,moving,11683,11.683
1141,1233,7/1/14,other,35364,35.364
1142,1344,7/1/14,renewable_energy,543,0.543
1143,1468,7/1/14,small_business,9519,9.519
1144,1598,7/1/14,vacation,4240,4.24
1145,87,8/1/14,car,10065,10.065
1146,223,8/1/14,credit_card,16077,16.077
1147,360,8/1/14,debt_consolidation,90410,90.41
1148,576,8/1/14,home_improvement,9274,9.274
1149,707,8/1/14,house,3323,3.323
1150,826,8/1/14,major_purchase,6393,6.393
1151,962,8/1/14,medical,8090,8.09
1152,1097,8/1/14,moving,11454,11.454
1153,1234,8/1/14,other,35423,35.423
1154,1345,8/1/14,renewable_energy,569,0.569
1155,1469,8/1/14,small_business,9089,9.089
1156,1599,8/1/14,vacation,3054,3.054
1157,88,9/1/14,car,8542,8.542
1158,224,9/1/14,credit_card,19025,19.025
1159,361,9/1/14,debt_consolidation,91092,91.092
1160,490,9/1/14,educational,1,0.001
1161,577,9/1/14,home_improvement,9299,9.299
1162,708,9/1/14,house,2730,2.73
1163,827,9/1/14,major_purchase,5473,5.473
1164,963,9/1/14,medical,7161,7.161
1165,1098,9/1/14,moving,8762,8.762
1166,1235,9/1/14,other,28073,28.073
1167,1346,9/1/14,renewable_energy,461,0.461
1168,1470,9/1/14,small_business,9362,9.362
1169,1600,9/1/14,vacation,2270,2.27
1170,89,10/1/14,car,7555,7.555
1171,225,10/1/14,credit_card,23529,23.529
1172,362,10/1/14,debt_consolidation,94426,94.426
1173,578,10/1/14,home_improvement,9382,9.382
1174,709,10/1/14,house,2507,2.507
1175,828,10/1/14,major_purchase,5025,5.025
1176,964,10/1/14,medical,6213,6.213
1177,1099,10/1/14,moving,7419,7.419
1178,1236,10/1/14,other,26327,26.327
1179,1347,10/1/14,renewable_energy,476,0.476
1180,1471,10/1/14,small_business,10698,10.698
1181,1601,10/1/14,vacation,2093,2.093
1182,90,11/1/14,car,5802,5.802
1183,226,11/1/14,credit_card,15215,15.215
1184,363,11/1/14,debt_consolidation,66451,66.451
1185,579,11/1/14,home_improvement,7538,7.538
1186,710,11/1/14,house,2546,2.546
1187,829,11/1/14,major_purchase,4600,4.6
1188,965,11/1/14,medical,5052,5.052
1189,1100,11/1/14,moving,5938,5.938
1190,1237,11/1/14,other,23236,23.236
1191,1348,11/1/14,renewable_energy,427,0.427
1192,1472,11/1/14,small_business,9313,9.313
1193,1602,11/1/14,vacation,1769,1.769
1194,91,12/1/14,car,7287,7.287
1195,227,12/1/14,credit_card,18399,18.399
1196,364,12/1/14,debt_consolidation,71119,71.119
1197,580,12/1/14,home_improvement,7939,7.939
1198,711,12/1/14,house,2418,2.418
1199,830,12/1/14,major_purchase,5259,5.259
1200,966,12/1/14,medical,6286,6.286
1201,1101,12/1/14,moving,7047,7.047
1202,1238,12/1/14,other,28314,28.314
1203,1349,12/1/14,renewable_energy,554,0.554
1204,1473,12/1/14,small_business,11806,11.806
1205,1603,12/1/14,vacation,2457,2.457
1206,92,1/1/15,car,8384,8.384
1207,228,1/1/15,credit_card,25961,25.961
1208,365,1/1/15,debt_consolidation,103611,103.611
1209,581,1/1/15,home_improvement,9750,9.75
1210,712,1/1/15,house,3172,3.172
1211,831,1/1/15,major_purchase,5085,5.085
1212,967,1/1/15,medical,5914,5.914
1213,1102,1/1/15,moving,6509,6.509
1214,1239,1/1/15,other,25829,25.829
1215,1350,1/1/15,renewable_energy,520,0.52
1216,1474,1/1/15,small_business,14962,14.962
1217,1604,1/1/15,vacation,2046,2.046
1218,93,2/1/15,car,7492,7.492
1219,229,2/1/15,credit_card,20101,20.101
1220,366,2/1/15,debt_consolidation,71943,71.943
1221,582,2/1/15,home_improvement,7859,7.859
1222,713,2/1/15,house,2750,2.75
1223,832,2/1/15,major_purchase,4351,4.351
1224,968,2/1/15,medical,4275,4.275
1225,1103,2/1/15,moving,4613,4.613
1226,1240,2/1/15,other,17746,17.746
1227,1351,2/1/15,renewable_energy,331,0.331
1228,1475,2/1/15,small_business,12386,12.386
1229,1605,2/1/15,vacation,1792,1.792
1230,94,3/1/15,car,9462,9.462
1231,230,3/1/15,credit_card,22365,22.365
1232,367,3/1/15,debt_consolidation,89342,89.342
1233,583,3/1/15,home_improvement,11186,11.186
1234,714,3/1/15,house,3236,3.236
1235,833,3/1/15,major_purchase,5751,5.751
1236,969,3/1/15,medical,5757,5.757
1237,1104,3/1/15,moving,6487,6.487
1238,1241,3/1/15,other,24033,24.033
1239,1352,3/1/15,renewable_energy,456,0.456
1240,1476,3/1/15,small_business,13871,13.871
1241,1606,3/1/15,vacation,2714,2.714
1242,95,4/1/15,car,8925,8.925
1243,231,4/1/15,credit_card,23532,23.532
1244,368,4/1/15,debt_consolidation,99971,99.971
1245,584,4/1/15,home_improvement,13130,13.13
1246,715,4/1/15,house,3181,3.181
1247,834,4/1/15,major_purchase,5904,5.904
1248,970,4/1/15,medical,6643,6.643
1249,1105,4/1/15,moving,7001,7.001
1250,1242,4/1/15,other,24544,24.544
1251,1353,4/1/15,renewable_energy,497,0.497
1252,1477,4/1/15,small_business,13164,13.164
1253,1607,4/1/15,vacation,2725,2.725
1254,96,5/1/15,car,10085,10.085
1255,232,5/1/15,credit_card,25145,25.145
1256,369,5/1/15,debt_consolidation,114803,114.803
1257,491,5/1/15,educational,1,0.001
1258,585,5/1/15,home_improvement,14068,14.068
1259,716,5/1/15,house,3419,3.419
1260,835,5/1/15,major_purchase,6433,6.433
1261,971,5/1/15,medical,6345,6.345
1262,1106,5/1/15,moving,8127,8.127
1263,1243,5/1/15,other,26006,26.006
1264,1354,5/1/15,renewable_energy,490,0.49
1265,1478,5/1/15,small_business,13108,13.108
1266,1608,5/1/15,vacation,4070,4.07
1267,97,6/1/15,car,9669,9.669
1268,233,6/1/15,credit_card,25707,25.707
1269,370,6/1/15,debt_consolidation,106674,106.674
1270,586,6/1/15,home_improvement,14127,14.127
1271,717,6/1/15,house,3086,3.086
1272,836,6/1/15,major_purchase,6292,6.292
1273,972,6/1/15,medical,6952,6.952
1274,1107,6/1/15,moving,8274,8.274
1275,1244,6/1/15,other,27212,27.212
1276,1355,6/1/15,renewable_energy,458,0.458
1277,1479,6/1/15,small_business,12947,12.947
1278,1609,6/1/15,vacation,4589,4.589
1279,98,7/1/15,car,10044,10.044
1280,234,7/1/15,credit_card,32773,32.773
1281,371,7/1/15,debt_consolidation,127902,127.902
1282,587,7/1/15,home_improvement,15441,15.441
1283,718,7/1/15,house,3587,3.587
1284,837,7/1/15,major_purchase,6787,6.787
1285,973,7/1/15,medical,7590,7.59
1286,1108,7/1/15,moving,8867,8.867
1287,1245,7/1/15,other,31205,31.205
1288,1356,7/1/15,renewable_energy,557,0.557
1289,1480,7/1/15,small_business,14498,14.498
1290,1610,7/1/15,vacation,4481,4.481
1291,99,8/1/15,car,8907,8.907
1292,235,8/1/15,credit_card,27228,27.228
1293,372,8/1/15,debt_consolidation,108463,108.463
1294,588,8/1/15,home_improvement,13661,13.661
1295,719,8/1/15,house,3154,3.154
1296,838,8/1/15,major_purchase,8859,8.859
1297,974,8/1/15,medical,6858,6.858
1298,1109,8/1/15,moving,7710,7.71
1299,1246,8/1/15,other,32832,32.832
1300,1357,8/1/15,renewable_energy,809,0.809
1301,1481,8/1/15,small_business,12942,12.942
1302,1611,8/1/15,vacation,2884,2.884
1303,100,9/1/15,car,8796,8.796
1304,236,9/1/15,credit_card,28247,28.247
1305,373,9/1/15,debt_consolidation,113915,113.915
1306,589,9/1/15,home_improvement,13679,13.679
1307,720,9/1/15,house,3051,3.051
1308,839,9/1/15,major_purchase,7139,7.139
1309,975,9/1/15,medical,6969,6.969
1310,1110,9/1/15,moving,7138,7.138
1311,1247,9/1/15,other,27976,27.976
1312,1358,9/1/15,renewable_energy,532,0.532
1313,1482,9/1/15,small_business,12682,12.682
1314,1612,9/1/15,vacation,2384,2.384
1315,101,10/1/15,car,11077,11.077
1316,237,10/1/15,credit_card,36105,36.105
1317,374,10/1/15,debt_consolidation,141956,141.956
1318,590,10/1/15,home_improvement,16301,16.301
1319,721,10/1/15,house,3534,3.534
1320,840,10/1/15,major_purchase,8683,8.683
1321,976,10/1/15,medical,8964,8.964
1322,1111,10/1/15,moving,8395,8.395
1323,1248,10/1/15,other,35100,35.1
1324,1359,10/1/15,renewable_energy,637,0.637
1325,1483,10/1/15,small_business,15382,15.382
1326,1613,10/1/15,vacation,2847,2.847
1327,102,11/1/15,car,10099,10.099
1328,238,11/1/15,credit_card,36735,36.735
1329,375,11/1/15,debt_consolidation,144830,144.83
1330,591,11/1/15,home_improvement,16967,16.967
1331,722,11/1/15,house,3760,3.76
1332,841,11/1/15,major_purchase,10167,10.167
1333,977,11/1/15,medical,8930,8.93
1334,1112,11/1/15,moving,7799,7.799
1335,1249,11/1/15,other,39878,39.878
1336,1360,11/1/15,renewable_energy,723,0.723
1337,1484,11/1/15,small_business,12808,12.808
1338,1614,11/1/15,vacation,3030,3.03
1339,103,12/1/15,car,10307,10.307
1340,239,12/1/15,credit_card,41773,41.773
1341,376,12/1/15,debt_consolidation,146599,146.599
1342,592,12/1/15,home_improvement,17194,17.194
1343,723,12/1/15,house,4146,4.146
1344,842,12/1/15,major_purchase,11088,11.088
1345,978,12/1/15,medical,9398,9.398
1346,1113,12/1/15,moving,8591,8.591
1347,1250,12/1/15,other,47383,47.383
1348,1361,12/1/15,renewable_energy,1062,1.062
1349,1485,12/1/15,small_business,13210,13.21
1350,1615,12/1/15,vacation,4028,4.028
1351,104,1/1/16,car,11323,11.323
1352,240,1/1/16,credit_card,45934,45.934
1353,377,1/1/16,debt_consolidation,164311,164.311
1354,593,1/1/16,home_improvement,17260,17.26
1355,724,1/1/16,house,4885,4.885
1356,843,1/1/16,major_purchase,11401,11.401
1357,979,1/1/16,medical,8799,8.799
1358,1114,1/1/16,moving,7644,7.644
1359,1251,1/1/16,other,43787,43.787
1360,1362,1/1/16,renewable_energy,805,0.805
1361,1486,1/1/16,small_business,15147,15.147
1362,1616,1/1/16,vacation,3631,3.631
1363,1727,1/1/16,wedding,1,0.001
1364,105,2/1/16,car,11979,11.979
1365,241,2/1/16,credit_card,44583,44.583
1366,378,2/1/16,debt_consolidation,155581,155.581
1367,594,2/1/16,home_improvement,18117,18.117
1368,725,2/1/16,house,5285,5.285
1369,844,2/1/16,major_purchase,12727,12.727
1370,980,2/1/16,medical,8041,8.041
1371,1115,2/1/16,moving,6225,6.225
1372,1252,2/1/16,other,37348,37.348
1373,1363,2/1/16,renewable_energy,669,0.669
1374,1487,2/1/16,small_business,14762,14.762
1375,1617,2/1/16,vacation,3530,3.53
1376,1728,2/1/16,wedding,3,0.003
1377,106,3/1/16,car,16001,16.001
1378,242,3/1/16,credit_card,56697,56.697
1379,379,3/1/16,debt_consolidation,215597,215.597
1380,595,3/1/16,home_improvement,32899,32.899
1381,726,3/1/16,house,6965,6.965
1382,845,3/1/16,major_purchase,18006,18.006
1383,981,3/1/16,medical,10924,10.924
1384,1116,3/1/16,moving,9666,9.666
1385,1253,3/1/16,other,51243,51.243
1386,1364,3/1/16,renewable_energy,1165,1.165
1387,1488,3/1/16,small_business,17570,17.57
1388,1618,3/1/16,vacation,5693,5.693
1389,107,4/1/16,car,14418,14.418
1390,243,4/1/16,credit_card,47377,47.377
1391,380,4/1/16,debt_consolidation,182664,182.664
1392,596,4/1/16,home_improvement,23965,23.965
1393,727,4/1/16,house,6270,6.27
1394,846,4/1/16,major_purchase,17531,17.531
1395,982,4/1/16,medical,9855,9.855
1396,1117,4/1/16,moving,9347,9.347
1397,1254,4/1/16,other,52194,52.194
1398,1365,4/1/16,renewable_energy,997,0.997
1399,1489,4/1/16,small_business,16270,16.27
1400,1619,4/1/16,vacation,5295,5.295
1401,108,5/1/16,car,9980,9.98
1402,244,5/1/16,credit_card,26946,26.946
1403,381,5/1/16,debt_consolidation,110268,110.268
1404,597,5/1/16,home_improvement,15491,15.491
1405,728,5/1/16,house,3999,3.999
1406,847,5/1/16,major_purchase,10816,10.816
1407,983,5/1/16,medical,7877,7.877
1408,1118,5/1/16,moving,7696,7.696
1409,1255,5/1/16,other,37734,37.734
1410,1366,5/1/16,renewable_energy,612,0.612
1411,1490,5/1/16,small_business,11538,11.538
1412,1620,5/1/16,vacation,4343,4.343
1413,109,6/1/16,car,12164,12.164
1414,245,6/1/16,credit_card,36111,36.111
1415,382,6/1/16,debt_consolidation,183258,183.258
1416,598,6/1/16,home_improvement,20166,20.166
1417,729,6/1/16,house,5225,5.225
1418,848,6/1/16,major_purchase,13246,13.246
1419,984,6/1/16,medical,9935,9.935
1420,1119,6/1/16,moving,10321,10.321
1421,1256,6/1/16,other,50786,50.786
1422,1367,6/1/16,renewable_energy,821,0.821
1423,1491,6/1/16,small_business,14279,14.279
1424,1621,6/1/16,vacation,6766,6.766
1425,110,7/1/16,car,15244,15.244
1426,246,7/1/16,credit_card,46599,46.599
1427,383,7/1/16,debt_consolidation,191015,191.015
1428,599,7/1/16,home_improvement,23294,23.294
1429,730,7/1/16,house,6182,6.182
1430,849,7/1/16,major_purchase,15663,15.663
1431,985,7/1/16,medical,11004,11.004
1432,1120,7/1/16,moving,12408,12.408
1433,1257,7/1/16,other,67658,67.658
1434,1368,7/1/16,renewable_energy,933,0.933
1435,1492,7/1/16,small_business,14772,14.772
1436,1622,7/1/16,vacation,7300,7.3
1437,111,8/1/16,car,16707,16.707
1438,247,8/1/16,credit_card,46839,46.839
1439,384,8/1/16,debt_consolidation,222275,222.275
1440,600,8/1/16,home_improvement,24619,24.619
1441,731,8/1/16,house,6342,6.342
1442,850,8/1/16,major_purchase,16808,16.808
1443,986,8/1/16,medical,12214,12.214
1444,1121,8/1/16,moving,13382,13.382
1445,1258,8/1/16,other,74616,74.616
1446,1369,8/1/16,renewable_energy,1014,1.014
1447,1493,8/1/16,small_business,15276,15.276
1448,1623,8/1/16,vacation,6103,6.103
1449,1729,8/1/16,wedding,1,0.001
1450,112,9/1/16,car,15454,15.454
1451,248,9/1/16,credit_card,42797,42.797
1452,385,9/1/16,debt_consolidation,202868,202.868
1453,601,9/1/16,home_improvement,20874,20.874
1454,732,9/1/16,house,4972,4.972
1455,851,9/1/16,major_purchase,13603,13.603
1456,987,9/1/16,medical,11295,11.295
1457,1122,9/1/16,moving,11838,11.838
1458,1259,9/1/16,other,61835,61.835
1459,1370,9/1/16,renewable_energy,871,0.871
1460,1494,9/1/16,small_business,13073,13.073
1461,1624,9/1/16,vacation,4870,4.87
1462,1730,9/1/16,wedding,1,0.001
1463,113,10/1/16,car,16534,16.534
1464,249,10/1/16,credit_card,53746,53.746
1465,386,10/1/16,debt_consolidation,220344,220.344
1466,602,10/1/16,home_improvement,24991,24.991
1467,733,10/1/16,house,4145,4.145
1468,852,10/1/16,major_purchase,15461,15.461
1469,988,10/1/16,medical,12679,12.679
1470,1123,10/1/16,moving,12242,12.242
1471,1260,10/1/16,other,68580,68.58
1472,1371,10/1/16,renewable_energy,688,0.688
1473,1495,10/1/16,small_business,14662,14.662
1474,1625,10/1/16,vacation,5228,5.228
1475,114,11/1/16,car,16986,16.986
1476,250,11/1/16,credit_card,56361,56.361
1477,387,11/1/16,debt_consolidation,239458,239.458
1478,603,11/1/16,home_improvement,25923,25.923
1479,734,11/1/16,house,3634,3.634
1480,853,11/1/16,major_purchase,15890,15.89
1481,989,11/1/16,medical,13735,13.735
1482,1124,11/1/16,moving,12935,12.935
1483,1261,11/1/16,other,76095,76.095
1484,1372,11/1/16,renewable_energy,599,0.599
1485,1496,11/1/16,small_business,15655,15.655
1486,1626,11/1/16,vacation,5799,5.799
1487,115,12/1/16,car,18748,18.748
1488,251,12/1/16,credit_card,53453,53.453
1489,388,12/1/16,debt_consolidation,224395,224.395
1490,604,12/1/16,home_improvement,24276,24.276
1491,735,12/1/16,house,3309,3.309
1492,854,12/1/16,major_purchase,15455,15.455
1493,990,12/1/16,medical,13715,13.715
1494,1125,12/1/16,moving,13275,13.275
1495,1262,12/1/16,other,83052,83.052
1496,1373,12/1/16,renewable_energy,722,0.722
1497,1497,12/1/16,small_business,15513,15.513
1498,1627,12/1/16,vacation,6207,6.207
1499,116,1/1/17,car,20987,20.987
1500,252,1/1/17,credit_card,60871,60.871
1501,389,1/1/17,debt_consolidation,240237,240.237
1502,605,1/1/17,home_improvement,25524,25.524
1503,736,1/1/17,house,4567,4.567
1504,855,1/1/17,major_purchase,15501,15.501
1505,991,1/1/17,medical,12883,12.883
1506,1126,1/1/17,moving,12322,12.322
1507,1263,1/1/17,other,73173,73.173
1508,1374,1/1/17,renewable_energy,707,0.707
1509,1498,1/1/17,small_business,17756,17.756
1510,1628,1/1/17,vacation,5300,5.3
1511,117,2/1/17,car,19917,19.917
1512,253,2/1/17,credit_card,50659,50.659
1513,390,2/1/17,debt_consolidation,199203,199.203
1514,606,2/1/17,home_improvement,23383,23.383
1515,737,2/1/17,house,3619,3.619
1516,856,2/1/17,major_purchase,13843,13.843
1517,992,2/1/17,medical,10743,10.743
1518,1127,2/1/17,moving,9483,9.483
1519,1264,2/1/17,other,59089,59.089
1520,1375,2/1/17,renewable_energy,531,0.531
1521,1499,2/1/17,small_business,14710,14.71
1522,1629,2/1/17,vacation,4606,4.606
1523,118,3/1/17,car,23233,23.233
1524,254,3/1/17,credit_card,56412,56.412
1525,391,3/1/17,debt_consolidation,227474,227.474
1526,607,3/1/17,home_improvement,30204,30.204
1527,738,3/1/17,house,4072,4.072
1528,857,3/1/17,major_purchase,17111,17.111
1529,993,3/1/17,medical,12963,12.963
1530,1128,3/1/17,moving,11488,11.488
1531,1265,3/1/17,other,73374,73.374
1532,1376,3/1/17,renewable_energy,464,0.464
1533,1500,3/1/17,small_business,16901,16.901
1534,1630,3/1/17,vacation,6446,6.446
1535,119,4/1/17,car,22753,22.753
1536,255,4/1/17,credit_card,52138,52.138
1537,392,4/1/17,debt_consolidation,223598,223.598
1538,608,4/1/17,home_improvement,30559,30.559
1539,739,4/1/17,house,3701,3.701
1540,858,4/1/17,major_purchase,17857,17.857
1541,994,4/1/17,medical,12336,12.336
1542,1129,4/1/17,moving,12111,12.111
1543,1266,4/1/17,other,77325,77.325
1544,1377,4/1/17,renewable_energy,521,0.521
1545,1501,4/1/17,small_business,15164,15.164
1546,1631,4/1/17,vacation,6705,6.705
1547,120,5/1/17,car,28488,28.488
1548,256,5/1/17,credit_card,58489,58.489
1549,393,5/1/17,debt_consolidation,275074,275.074
1550,609,5/1/17,home_improvement,37184,37.184
1551,740,5/1/17,house,3833,3.833
1552,859,5/1/17,major_purchase,22641,22.641
1553,995,5/1/17,medical,16548,16.548
1554,1130,5/1/17,moving,16429,16.429
1555,1267,5/1/17,other,102226,102.226
1556,1378,5/1/17,renewable_energy,539,0.539
1557,1502,5/1/17,small_business,16761,16.761
1558,1632,5/1/17,vacation,9429,9.429
1559,121,6/1/17,car,33400,33.4
1560,257,6/1/17,credit_card,52690,52.69
1561,394,6/1/17,debt_consolidation,279467,279.467
1562,610,6/1/17,home_improvement,36118,36.118
1563,741,6/1/17,house,3922,3.922
1564,860,6/1/17,major_purchase,22395,22.395
1565,996,6/1/17,medical,17084,17.084
1566,1131,6/1/17,moving,17366,17.366
1567,1268,6/1/17,other,112428,112.428
1568,1379,6/1/17,renewable_energy,598,0.598
1569,1503,6/1/17,small_business,15873,15.873
1570,1633,6/1/17,vacation,11559,11.559
1571,122,7/1/17,car,42469,42.469
1572,258,7/1/17,credit_card,61899,61.899
1573,395,7/1/17,debt_consolidation,310215,310.215
1574,611,7/1/17,home_improvement,40902,40.902
1575,742,7/1/17,house,4404,4.404
1576,861,7/1/17,major_purchase,22977,22.977
1577,997,7/1/17,medical,19500,19.5
1578,1132,7/1/17,moving,18512,18.512
1579,1269,7/1/17,other,136639,136.639
1580,1380,7/1/17,renewable_energy,598,0.598
1581,1504,7/1/17,small_business,16404,16.404
1582,1634,7/1/17,vacation,11492,11.492
1583,123,8/1/17,car,34356,34.356
1584,259,8/1/17,credit_card,66064,66.064
1585,396,8/1/17,debt_consolidation,315635,315.635
1586,612,8/1/17,home_improvement,36980,36.98
1587,743,8/1/17,house,4389,4.389
1588,862,8/1/17,major_purchase,22218,22.218
1589,998,8/1/17,medical,18807,18.807
1590,1133,8/1/17,moving,17360,17.36
1591,1270,8/1/17,other,121106,121.106
1592,1381,8/1/17,renewable_energy,705,0.705
1593,1505,8/1/17,small_business,17262,17.262
1594,1635,8/1/17,vacation,8539,8.539
1595,124,9/1/17,car,38184,38.184
1596,260,9/1/17,credit_card,63840,63.84
1597,397,9/1/17,debt_consolidation,318775,318.775
1598,613,9/1/17,home_improvement,30978,30.978
1599,744,9/1/17,house,2047,2.047
1600,863,9/1/17,major_purchase,18345,18.345
1601,999,9/1/17,medical,18337,18.337
1602,1134,9/1/17,moving,14381,14.381
1603,1271,9/1/17,other,131530,131.53
1604,1382,9/1/17,renewable_energy,425,0.425
1605,1506,9/1/17,small_business,15207,15.207
1606,1636,9/1/17,vacation,5540,5.54
1607,125,10/1/17,car,40214,40.214
1608,261,10/1/17,credit_card,84330,84.33
1609,398,10/1/17,debt_consolidation,314846,314.846
1610,614,10/1/17,home_improvement,25146,25.146
1611,745,10/1/17,house,293,0.293
1612,864,10/1/17,major_purchase,16694,16.694
1613,1000,10/1/17,medical,20798,20.798
1614,1135,10/1/17,moving,13176,13.176
1615,1272,10/1/17,other,155031,155.031
1616,1383,10/1/17,renewable_energy,62,0.062
1617,1507,10/1/17,small_business,14680,14.68
1618,1637,10/1/17,vacation,5031,5.031
1619,126,11/1/17,car,44183,44.183
1620,262,11/1/17,credit_card,104865,104.865
1621,399,11/1/17,debt_consolidation,295509,295.509
1622,615,11/1/17,home_improvement,18314,18.314
1623,746,11/1/17,house,19,0.019
1624,865,11/1/17,major_purchase,17700,17.7
1625,1001,11/1/17,medical,20845,20.845
1626,1136,11/1/17,moving,16665,16.665
1627,1273,11/1/17,other,167507,167.507
1628,1384,11/1/17,renewable_energy,12,0.012
1629,1508,11/1/17,small_business,16454,16.454
1630,1638,11/1/17,vacation,5513,5.513
1631,127,12/1/17,car,28475,28.475
1632,263,12/1/17,credit_card,96480,96.48
1633,400,12/1/17,debt_consolidation,261874,261.874
1634,616,12/1/17,home_improvement,14004,14.004
1635,866,12/1/17,major_purchase,15841,15.841
1636,1002,12/1/17,medical,17444,17.444
1637,1137,12/1/17,moving,12311,12.311
1638,1274,12/1/17,other,156507,156.507
1639,1509,12/1/17,small_business,14582,14.582
1640,1639,12/1/17,vacation,5082,5.082
1641,128,1/1/18,car,34146,34.146
1642,264,1/1/18,credit_card,113278,113.278
1643,401,1/1/18,debt_consolidation,293635,293.635
1644,617,1/1/18,home_improvement,15101,15.101
1645,867,1/1/18,major_purchase,16051,16.051
1646,1003,1/1/18,medical,17007,17.007
1647,1138,1/1/18,moving,12393,12.393
1648,1275,1/1/18,other,146895,146.895
1649,1510,1/1/18,small_business,15556,15.556
1650,1640,1/1/18,vacation,4556,4.556
1651,129,2/1/18,car,30189,30.189
1652,265,2/1/18,credit_card,94480,94.48
1653,402,2/1/18,debt_consolidation,240474,240.474
1654,618,2/1/18,home_improvement,13488,13.488
1655,868,2/1/18,major_purchase,15211,15.211
1656,1004,2/1/18,medical,14091,14.091
1657,1139,2/1/18,moving,9017,9.017
1658,1276,2/1/18,other,119786,119.786
1659,1511,2/1/18,small_business,12523,12.523
1660,1641,2/1/18,vacation,3969,3.969
1661,130,3/1/18,car,37629,37.629
1662,266,3/1/18,credit_card,99640,99.64
1663,403,3/1/18,debt_consolidation,278240,278.24
1664,619,3/1/18,home_improvement,17062,17.062
1665,869,3/1/18,major_purchase,19817,19.817
1666,1005,3/1/18,medical,16971,16.971
1667,1140,3/1/18,moving,11700,11.7
1668,1277,3/1/18,other,152330,152.33
1669,1512,3/1/18,small_business,14154,14.154
1670,1642,3/1/18,vacation,5745,5.745
1671,131,4/1/18,car,37495,37.495
1672,267,4/1/18,credit_card,119858,119.858
1673,404,4/1/18,debt_consolidation,322003,322.003
1674,620,4/1/18,home_improvement,17779,17.779
1675,870,4/1/18,major_purchase,24584,24.584
1676,1006,4/1/18,medical,18055,18.055
1677,1141,4/1/18,moving,15152,15.152
1678,1278,4/1/18,other,171701,171.701
1679,1513,4/1/18,small_business,13300,13.3
1680,1643,4/1/18,vacation,6219,6.219
1681,132,5/1/18,car,50564,50.564
1682,268,5/1/18,credit_card,137128,137.128
1683,405,5/1/18,debt_consolidation,341331,341.331
1684,621,5/1/18,home_improvement,18334,18.334
1685,871,5/1/18,major_purchase,37336,37.336
1686,1007,5/1/18,medical,22172,22.172
1687,1142,5/1/18,moving,40232,40.232
1688,1279,5/1/18,other,225255,225.255
1689,1514,5/1/18,small_business,15206,15.206
1690,1644,5/1/18,vacation,8863,8.863
1691,133,6/1/18,car,41769,41.769
1692,269,6/1/18,credit_card,133195,133.195
1693,406,6/1/18,debt_consolidation,295898,295.898
1694,622,6/1/18,home_improvement,15383,15.383
1695,872,6/1/18,major_purchase,34449,34.449
1696,1008,6/1/18,medical,18791,18.791
1697,1143,6/1/18,moving,20131,20.131
1698,1280,6/1/18,other,218698,218.698
1699,1515,6/1/18,small_business,12585,12.585
1700,1645,6/1/18,vacation,8515,8.515
1701,134,7/1/18,car,39956,39.956
1702,270,7/1/18,credit_card,146590,146.59
1703,407,7/1/18,debt_consolidation,351028,351.028
1704,623,7/1/18,home_improvement,22526,22.526
1705,873,7/1/18,major_purchase,34130,34.13
1706,1009,7/1/18,medical,19997,19.997
1707,1144,7/1/18,moving,14595,14.595
1708,1281,7/1/18,other,209354,209.354
1709,1516,7/1/18,small_business,13357,13.357
1710,1646,7/1/18,vacation,8257,8.257
1711,135,8/1/18,car,44176,44.176
1712,271,8/1/18,credit_card,155549,155.549
1713,408,8/1/18,debt_consolidation,367886,367.886
1714,624,8/1/18,home_improvement,23758,23.758
1715,874,8/1/18,major_purchase,34688,34.688
1716,1010,8/1/18,medical,22124,22.124
1717,1145,8/1/18,moving,16472,16.472
1718,1282,8/1/18,other,212716,212.716
1719,1517,8/1/18,small_business,14428,14.428
1720,1647,8/1/18,vacation,7015,7.015
1721,136,9/1/18,car,41488,41.488
1722,272,9/1/18,credit_card,144023,144.023
1723,409,9/1/18,debt_consolidation,341998,341.998
1724,625,9/1/18,home_improvement,21179,21.179
1725,875,9/1/18,major_purchase,32084,32.084
1726,1011,9/1/18,medical,19651,19.651
1727,1146,9/1/18,moving,13692,13.692
1728,1283,9/1/18,other,193797,193.797
1729,1518,9/1/18,small_business,13448,13.448
1730,1648,9/1/18,vacation,5283,5.283